<?xml version="1.0" encoding="utf-8"?>
<mime-type xmlns="http://www.freedesktop.org/standards/shared-mime-info" type="message/news">
  <!--Created automatically by update-mime-database. DO NOT EDIT!-->
  <comment>Usenet news message</comment>
  <comment xml:lang="ar">رسالة أخبار Usenet</comment>
  <comment xml:lang="az">Usenet xəbərlər ismarışı</comment>
  <comment xml:lang="be@latin">Navina Usenet</comment>
  <comment xml:lang="bg">Съобщение — Usenet</comment>
  <comment xml:lang="ca">missatge de notícies Usenet</comment>
  <comment xml:lang="cs">příspěvek do diskusních skupin Usenet</comment>
  <comment xml:lang="cy">Neges newyddion Usenet</comment>
  <comment xml:lang="da">Usenetnyhedsmeddelelse</comment>
  <comment xml:lang="de">Usenet-News-Nachricht</comment>
  <comment xml:lang="el">Μήνυμα ομάδων συζητήσεων Usenet</comment>
  <comment xml:lang="en_GB">Usenet news message</comment>
  <comment xml:lang="eo">novaĵmesaĝo de Usenet</comment>
  <comment xml:lang="es">mensaje de noticias de Usenet</comment>
  <comment xml:lang="eu">Usenet berrien mezua</comment>
  <comment xml:lang="fi">nyyssiviesti</comment>
  <comment xml:lang="fo">Usenet news boð</comment>
  <comment xml:lang="fr">message de groupe d'échange Usenet</comment>
  <comment xml:lang="ga">teachtaireacht nuacht Usenet</comment>
  <comment xml:lang="gl">mensaxes de noticias de Usenet</comment>
  <comment xml:lang="he">הודעת חדשות של Usenet</comment>
  <comment xml:lang="hr">Usenet poruka novosti</comment>
  <comment xml:lang="hu">USENET-hírcsoportüzenet</comment>
  <comment xml:lang="ia">Message de gruppo Usenet</comment>
  <comment xml:lang="id">Pesan berita Usenet</comment>
  <comment xml:lang="it">Messaggio news Usenet</comment>
  <comment xml:lang="ja">Usenet news メッセージ</comment>
  <comment xml:lang="kk">Usenet жаңалық мәлімдемесі</comment>
  <comment xml:lang="ko">유즈넷 뉴스 메시지</comment>
  <comment xml:lang="lt">Usenet naujienų žinutė</comment>
  <comment xml:lang="lv">Usenet jaunumu ziņojums</comment>
  <comment xml:lang="ms">Mesej berita USENET</comment>
  <comment xml:lang="nb">Usenet nyhetsmelding</comment>
  <comment xml:lang="nl">Usenet-nieuwsbericht</comment>
  <comment xml:lang="nn">USENET diskusjonsmelding</comment>
  <comment xml:lang="oc">messatge de grop d'escambi Usenet</comment>
  <comment xml:lang="pl">Wiadomość grupy dyskusyjnej</comment>
  <comment xml:lang="pt">mensagem de notícias Usenet</comment>
  <comment xml:lang="pt_BR">Mensagem de notícias da Usenet</comment>
  <comment xml:lang="ro">Mesaj Usenet de știri </comment>
  <comment xml:lang="ru">новостное сообщение Usenet</comment>
  <comment xml:lang="sk">Príspevok do diskusných skupín Usenet</comment>
  <comment xml:lang="sl">novičarsko sporočilo Usenet</comment>
  <comment xml:lang="sq">Mesazh lajmesh Usenet</comment>
  <comment xml:lang="sr">Порука новости Јузнета</comment>
  <comment xml:lang="sv">Usenet-diskussionsgruppsmeddelande</comment>
  <comment xml:lang="tr">Usenet haber iletisi</comment>
  <comment xml:lang="uk">повідомлення новин Usenet</comment>
  <comment xml:lang="vi">Thông điệp tin tức USENET</comment>
  <comment xml:lang="zh_CN">Usenet 新闻信</comment>
  <comment xml:lang="zh_TW">Usenet 新聞訊息</comment>
  <generic-icon name="text-x-generic"/>
  <sub-class-of type="text/plain"/>
</mime-type>
