<?xml version="1.0" encoding="utf-8"?>
<mime-type xmlns="http://www.freedesktop.org/standards/shared-mime-info" type="inode/chardevice">
  <!--Created automatically by update-mime-database. DO NOT EDIT!-->
  <comment>character device</comment>
  <comment xml:lang="ar">جهاز حرفي</comment>
  <comment xml:lang="be@latin">znakavaja pryłada</comment>
  <comment xml:lang="bg">Символно устройство</comment>
  <comment xml:lang="ca">dispositiu de caràcters</comment>
  <comment xml:lang="cs">znakové zařízení</comment>
  <comment xml:lang="da">tegnenhed</comment>
  <comment xml:lang="de">Zeichenorientiertes Gerät</comment>
  <comment xml:lang="el">Συσκευή χαρακτήρων</comment>
  <comment xml:lang="en_GB">character device</comment>
  <comment xml:lang="eo">signa disponaĵo</comment>
  <comment xml:lang="es">dispositivo de caracteres</comment>
  <comment xml:lang="eu">karaktereen gailua</comment>
  <comment xml:lang="fi">merkkilaite</comment>
  <comment xml:lang="fo">stavatóleind</comment>
  <comment xml:lang="fr">périphérique de caractères</comment>
  <comment xml:lang="ga">gléas carachtar</comment>
  <comment xml:lang="gl">dispositivo de caracter</comment>
  <comment xml:lang="he">התקן תכונה</comment>
  <comment xml:lang="hr">Znakovni uređaj</comment>
  <comment xml:lang="hu">karakteres eszköz</comment>
  <comment xml:lang="ia">Dispositivo de characteres</comment>
  <comment xml:lang="id">karakter divais</comment>
  <comment xml:lang="it">Device a caratteri</comment>
  <comment xml:lang="ja">キャラクタデバイス</comment>
  <comment xml:lang="kk">символдық құрылғысы</comment>
  <comment xml:lang="ko">문자 장치</comment>
  <comment xml:lang="lt">simbolinis įrenginys</comment>
  <comment xml:lang="lv">rakstzīmju ierīce</comment>
  <comment xml:lang="ms">Peranti aksara</comment>
  <comment xml:lang="nb">tegnenhet</comment>
  <comment xml:lang="nl">byte-apparaat</comment>
  <comment xml:lang="nn">teikneining</comment>
  <comment xml:lang="oc">periferic de caractèrs</comment>
  <comment xml:lang="pl">Urządzenie znakowe</comment>
  <comment xml:lang="pt">dispositivo de caracteres</comment>
  <comment xml:lang="pt_BR">Dispositivo de caractere</comment>
  <comment xml:lang="ro">dispozitiv caracter</comment>
  <comment xml:lang="ru">символьное устройство</comment>
  <comment xml:lang="sk">Znakové zariadenie</comment>
  <comment xml:lang="sl">znakovna naprava</comment>
  <comment xml:lang="sq">device me karaktere</comment>
  <comment xml:lang="sr">знаковни уређај</comment>
  <comment xml:lang="sv">teckenenhet</comment>
  <comment xml:lang="tr">karakter aygıtı</comment>
  <comment xml:lang="uk">символьний пристрій</comment>
  <comment xml:lang="vi">thiết bị ký tự</comment>
  <comment xml:lang="zh_CN">字符设备</comment>
  <comment xml:lang="zh_TW">字元裝置</comment>
</mime-type>
