<?xml version="1.0" encoding="utf-8"?>
<mime-type xmlns="http://www.freedesktop.org/standards/shared-mime-info" type="text/cache-manifest">
  <!--Created automatically by update-mime-database. DO NOT EDIT!-->
  <comment>Web application cache manifest</comment>
  <comment xml:lang="ar">قائمة التخزين الموقت لتطبيق الويب</comment>
  <comment xml:lang="bg">Манифест за кеша на уеб приложение</comment>
  <comment xml:lang="ca">manifest de memòria cau d'aplicació Web</comment>
  <comment xml:lang="cs">manifest mezipaměti webové aplikace</comment>
  <comment xml:lang="da">Manifest for internetprogrammellemlager</comment>
  <comment xml:lang="de">Webanwendungscache-Manifest</comment>
  <comment xml:lang="el">Δηλωτικό λανθάνουσας μνήμης εφαρμογής Ιστού</comment>
  <comment xml:lang="en_GB">Web application cache manifest</comment>
  <comment xml:lang="es">manifiesto de caché de aplicación web</comment>
  <comment xml:lang="eu">Web aplikazioaren cache-aren agiria</comment>
  <comment xml:lang="fo">Net nýtsluskipanarkova manifest</comment>
  <comment xml:lang="fr">manifeste de cache d'application Web</comment>
  <comment xml:lang="ga">lastliosta taisce d'fheidhmchlár Gréasáin</comment>
  <comment xml:lang="gl">manifesto de caché de aplicativo web</comment>
  <comment xml:lang="he">הצהרה של מטמון של תוכנית ברשת</comment>
  <comment xml:lang="hr">Web aplikacija prikaza predmemorije</comment>
  <comment xml:lang="hu">Webalkalmazás gyorsítótár-összefoglalója</comment>
  <comment xml:lang="ia">Manifesto de cache de application web</comment>
  <comment xml:lang="id">Manifes singgahan aplikasi web</comment>
  <comment xml:lang="it">Manifesto cache applicazione Web</comment>
  <comment xml:lang="ja">Web アプリケーションキャッシュ manifest</comment>
  <comment xml:lang="kk">Веб қолданбасының кэш манифесті</comment>
  <comment xml:lang="ko">웹 애플리케이션 캐시 정의</comment>
  <comment xml:lang="lt">Žiniatinklio programos podėlio manifestas</comment>
  <comment xml:lang="lv">Tīmekļa lietotņu keša manifests</comment>
  <comment xml:lang="nl">Webapplicatie cache manifest</comment>
  <comment xml:lang="oc">manifèste d'escondedor d'aplicacion Web</comment>
  <comment xml:lang="pl">Manifest pamięci podręcznej aplikacji WWW</comment>
  <comment xml:lang="pt">manifesto de cache de aplicação web</comment>
  <comment xml:lang="pt_BR">Manifest de cache de aplicação web</comment>
  <comment xml:lang="ro">Manifest de cache pentru aplicații web</comment>
  <comment xml:lang="ru">манифест кэша веб-приложения</comment>
  <comment xml:lang="sk">Manifest vyrovnávacej pamäte webovej aplikácie</comment>
  <comment xml:lang="sl">Predpomnilnik spletnega programa</comment>
  <comment xml:lang="sr">проглас оставе Веб програма</comment>
  <comment xml:lang="sv">Cachemanifest för webbapplikation</comment>
  <comment xml:lang="tr">Web uygulama önbelleği bildirimi</comment>
  <comment xml:lang="uk">маніфест кешу веб-програми</comment>
  <comment xml:lang="zh_CN">网络应用程序缓存清单</comment>
  <comment xml:lang="zh_TW">網頁應用程式快取聲明</comment>
  <sub-class-of type="text/plain"/>
  <glob pattern="*.manifest"/>
</mime-type>
