<?xml version="1.0" encoding="utf-8"?>
<mime-type xmlns="http://www.freedesktop.org/standards/shared-mime-info" type="text/turtle">
  <!--Created automatically by update-mime-database. DO NOT EDIT!-->
  <comment>Turtle document</comment>
  <comment xml:lang="ca">document Turtle</comment>
  <comment xml:lang="cs">dokument Turtle</comment>
  <comment xml:lang="da">Turtle-dokument</comment>
  <comment xml:lang="de">Turtle-Dokument</comment>
  <comment xml:lang="el">Έγγραφο Turtle</comment>
  <comment xml:lang="en_GB">Turtle document</comment>
  <comment xml:lang="es">documento de Turtle</comment>
  <comment xml:lang="eu">Turtle dokumentua</comment>
  <comment xml:lang="fi">Turtle-asiakirja</comment>
  <comment xml:lang="fr">document Turtle</comment>
  <comment xml:lang="he">מסמך Turtle</comment>
  <comment xml:lang="hr">Turtle dokument</comment>
  <comment xml:lang="hu">Turtle dokumentum</comment>
  <comment xml:lang="ia">Documento Turtle</comment>
  <comment xml:lang="id">Dokumen Turtle</comment>
  <comment xml:lang="it">Documento Turtle</comment>
  <comment xml:lang="kk">Turtle құжаты</comment>
  <comment xml:lang="ko">Turtle 문서</comment>
  <comment xml:lang="oc">document Turtle</comment>
  <comment xml:lang="pl">Dokument Turtle</comment>
  <comment xml:lang="pt">documento Turtle</comment>
  <comment xml:lang="pt_BR">Documento Turtle</comment>
  <comment xml:lang="ru">документ Turtle</comment>
  <comment xml:lang="sk">Dokument Turtle</comment>
  <comment xml:lang="sr">Тартл документ</comment>
  <comment xml:lang="sv">Turtle-dokument</comment>
  <comment xml:lang="tr">Turtle belgesi</comment>
  <comment xml:lang="uk">документ Turtle</comment>
  <comment xml:lang="zh_CN">Turtle 文档</comment>
  <comment xml:lang="zh_TW">Turtle 文件</comment>
  <glob pattern="*.ttl"/>
  <sub-class-of type="text/plain"/>
</mime-type>
