<?xml version="1.0" encoding="utf-8"?>
<mime-type xmlns="http://www.freedesktop.org/standards/shared-mime-info" type="text/vnd.graphviz">
  <!--Created automatically by update-mime-database. DO NOT EDIT!-->
  <comment>Graphviz DOT graph</comment>
  <comment xml:lang="ar">مبيان Graphviz DOT</comment>
  <comment xml:lang="bg">Граф — Graphviz DOT</comment>
  <comment xml:lang="ca">gràfic Graphviz DOT</comment>
  <comment xml:lang="cs">graf Graphviz DOT</comment>
  <comment xml:lang="da">Graphviz DOT-graf</comment>
  <comment xml:lang="de">Graphviz-DOT-Graph</comment>
  <comment xml:lang="el">Γράφημα Graphviz DOT</comment>
  <comment xml:lang="en_GB">Graphviz DOT graph</comment>
  <comment xml:lang="es">gráfico de Graphviz DOT</comment>
  <comment xml:lang="eu">Graphviz DOT grafikoa</comment>
  <comment xml:lang="fi">Graphviz DOT -graafi</comment>
  <comment xml:lang="fo">Graphviz DOT ritmynd</comment>
  <comment xml:lang="fr">graphe Graphviz DOT</comment>
  <comment xml:lang="ga">graf DOT Graphviz</comment>
  <comment xml:lang="gl">gráfica DOT de Graphviz</comment>
  <comment xml:lang="he">תרשים של Graphviz DOT</comment>
  <comment xml:lang="hr">Graphviz DOT grafikon</comment>
  <comment xml:lang="hu">Graphviz DOT-grafikon</comment>
  <comment xml:lang="ia">Graphico DOT de Graphviz</comment>
  <comment xml:lang="id">Grafik Graphviz DOT</comment>
  <comment xml:lang="it">Grafico Graphviz DOT</comment>
  <comment xml:lang="ja">Graphviz DOT グラフ</comment>
  <comment xml:lang="kk">Graphviz DOT сызбасы</comment>
  <comment xml:lang="ko">Graphviz DOT 그래프</comment>
  <comment xml:lang="lt">Graphviz DOT diagrama</comment>
  <comment xml:lang="lv">Graphviz DOT grafiks</comment>
  <comment xml:lang="nl">Graphviz wetenschappelijke grafiek</comment>
  <comment xml:lang="oc">graf Graphviz DOT</comment>
  <comment xml:lang="pl">Wykres DOT Graphviz</comment>
  <comment xml:lang="pt">gráfico Graphviz DOT</comment>
  <comment xml:lang="pt_BR">Gráfico do Graphviz DOT</comment>
  <comment xml:lang="ro">Grafic Graphviz DOT</comment>
  <comment xml:lang="ru">Диаграмма Graphviz DOT</comment>
  <comment xml:lang="sk">Graf Graphviz DOT</comment>
  <comment xml:lang="sl">Datoteka grafikona Graphviz DOT</comment>
  <comment xml:lang="sr">график Графвиз ДОТ-а</comment>
  <comment xml:lang="sv">Graphviz DOT-graf</comment>
  <comment xml:lang="tr">Graphviz DOT grafiği</comment>
  <comment xml:lang="uk">граф DOT Graphviz</comment>
  <comment xml:lang="vi">Biểu đồ DOT Graphviz</comment>
  <comment xml:lang="zh_CN">Graphviz DOT 科学图形</comment>
  <comment xml:lang="zh_TW">Graphviz DOT 圖</comment>
  <generic-icon name="x-office-document"/>
  <glob pattern="*.gv"/>
  <glob pattern="*.dot"/>
</mime-type>
