<?xml version="1.0" encoding="utf-8"?>
<mime-type xmlns="http://www.freedesktop.org/standards/shared-mime-info" type="text/vnd.sun.j2me.app-descriptor">
  <!--Created automatically by update-mime-database. DO NOT EDIT!-->
  <comment>JAD document</comment>
  <comment xml:lang="ar">مستند JAD</comment>
  <comment xml:lang="be@latin">Dakument JAD</comment>
  <comment xml:lang="bg">Документ — JAD</comment>
  <comment xml:lang="ca">document JAD</comment>
  <comment xml:lang="cs">dokument JAD</comment>
  <comment xml:lang="da">JAD-dokument</comment>
  <comment xml:lang="de">JAD-Dokument</comment>
  <comment xml:lang="el">Έγγραφο JAD</comment>
  <comment xml:lang="en_GB">JAD document</comment>
  <comment xml:lang="eo">JAD-dokumento</comment>
  <comment xml:lang="es">documento JAD</comment>
  <comment xml:lang="eu">JAD dokumentua</comment>
  <comment xml:lang="fi">JAD-asiakirja</comment>
  <comment xml:lang="fo">JAD skjal</comment>
  <comment xml:lang="fr">document JAD</comment>
  <comment xml:lang="ga">cáipéis JAD</comment>
  <comment xml:lang="gl">documento JAD</comment>
  <comment xml:lang="he">מסמך JAD</comment>
  <comment xml:lang="hr">JAD dokument</comment>
  <comment xml:lang="hu">JAD dokumentum</comment>
  <comment xml:lang="ia">Documento JAD</comment>
  <comment xml:lang="id">Dokumen JAD</comment>
  <comment xml:lang="it">Documento JAD</comment>
  <comment xml:lang="ja">JAD ドキュメント</comment>
  <comment xml:lang="kk">JAD құжаты</comment>
  <comment xml:lang="ko">JAD 문서</comment>
  <comment xml:lang="lt">JAD dokumentas</comment>
  <comment xml:lang="lv">JAD dokuments</comment>
  <comment xml:lang="nb">JAD-dokument</comment>
  <comment xml:lang="nl">JAD-document</comment>
  <comment xml:lang="nn">JAD-dokument</comment>
  <comment xml:lang="oc">document JAD</comment>
  <comment xml:lang="pl">Dokument JAD</comment>
  <comment xml:lang="pt">documento JAD</comment>
  <comment xml:lang="pt_BR">Documento JAD</comment>
  <comment xml:lang="ro">Document JAD</comment>
  <comment xml:lang="ru">документ JAD</comment>
  <comment xml:lang="sk">Dokument JAD</comment>
  <comment xml:lang="sl">Dokument JAD</comment>
  <comment xml:lang="sq">Dokument JAD</comment>
  <comment xml:lang="sr">ЈАД документ</comment>
  <comment xml:lang="sv">JAD-dokument</comment>
  <comment xml:lang="tr">JAD belgesi</comment>
  <comment xml:lang="uk">документ JAD</comment>
  <comment xml:lang="vi">Tài liệu JAD</comment>
  <comment xml:lang="zh_CN">JAD 文档</comment>
  <comment xml:lang="zh_TW">JAD 文件</comment>
  <acronym>JAD</acronym>
  <expanded-acronym>Java Application Descriptor</expanded-acronym>
  <glob pattern="*.jad"/>
</mime-type>
