<?xml version="1.0" encoding="utf-8"?>
<mime-type xmlns="http://www.freedesktop.org/standards/shared-mime-info" type="text/vtt">
  <!--Created automatically by update-mime-database. DO NOT EDIT!-->
  <comment>WebVTT subtitles</comment>
  <comment xml:lang="bg">Субтитри — WebVTT</comment>
  <comment xml:lang="ca">subtítols WebVTT</comment>
  <comment xml:lang="cs">titulky WebVTT</comment>
  <comment xml:lang="da">WebVTT-undertekster</comment>
  <comment xml:lang="de">WebVTT-Untertitel</comment>
  <comment xml:lang="el">Υπότιτλοι WebVTT</comment>
  <comment xml:lang="en_GB">WebVTT subtitles</comment>
  <comment xml:lang="es">subtítulos WebVTT</comment>
  <comment xml:lang="eu">WebVTT azpitituluak</comment>
  <comment xml:lang="fi">WebVTT-tekstitykset</comment>
  <comment xml:lang="fr">sous-titres WebVTT</comment>
  <comment xml:lang="gl">subtítulos WebVTT</comment>
  <comment xml:lang="he">כתוביות WebVTT</comment>
  <comment xml:lang="hr">WebVTT titlovi</comment>
  <comment xml:lang="hu">WebVTT feliratok</comment>
  <comment xml:lang="ia">Subtitulos WebVTT</comment>
  <comment xml:lang="id">Subtitel WebVTT</comment>
  <comment xml:lang="it">Sottotitoli WebVTT</comment>
  <comment xml:lang="ja">WebVTT サブタイトル</comment>
  <comment xml:lang="ka">WebVTT ქვეტიტრები</comment>
  <comment xml:lang="kk">WebVTT субтитрлары</comment>
  <comment xml:lang="ko">WebVTT 자막</comment>
  <comment xml:lang="lv">WebVTT subtitri</comment>
  <comment xml:lang="nl">WebVTT ondertitels</comment>
  <comment xml:lang="oc">sostítols WebVTT</comment>
  <comment xml:lang="pl">Napisy WebVTT</comment>
  <comment xml:lang="pt">legendas WebVTT</comment>
  <comment xml:lang="pt_BR">Legendas WebVTT</comment>
  <comment xml:lang="ru">субтитры WebVTT</comment>
  <comment xml:lang="sk">Titulky WebVTT</comment>
  <comment xml:lang="sl">Podnapisi WebVTT</comment>
  <comment xml:lang="sr">Веб ВТТ преводи</comment>
  <comment xml:lang="sv">WebVTT-undertexter</comment>
  <comment xml:lang="tr">WebVTT altyazıları</comment>
  <comment xml:lang="uk">субтитри WebVTT</comment>
  <comment xml:lang="zh_CN">WebVTT 字幕</comment>
  <comment xml:lang="zh_TW">WebVTT 字幕</comment>
  <acronym>VTT</acronym>
  <expanded-acronym>Video Text Tracks</expanded-acronym>
  <sub-class-of type="text/plain"/>
  <generic-icon name="text-x-generic"/>
  <glob pattern="*.vtt"/>
</mime-type>
