<?xml version="1.0" encoding="utf-8"?>
<mime-type xmlns="http://www.freedesktop.org/standards/shared-mime-info" type="text/x-changelog">
  <!--Created automatically by update-mime-database. DO NOT EDIT!-->
  <comment>ChangeLog document</comment>
  <comment xml:lang="ar">مستند ChangeLog</comment>
  <comment xml:lang="be@latin">Dakument zafiksavanych źmienaŭ ChangeLog</comment>
  <comment xml:lang="bg">Дневник за промени — ChangeLog</comment>
  <comment xml:lang="ca">document de registre de canvis</comment>
  <comment xml:lang="cs">dokument ChangeLog</comment>
  <comment xml:lang="da">ChangeLot-dokument</comment>
  <comment xml:lang="de">Änderungsprotokoll-Dokument</comment>
  <comment xml:lang="el">Έγγραφο ChangeLog</comment>
  <comment xml:lang="en_GB">ChangeLog document</comment>
  <comment xml:lang="es">documento de registro de cambios</comment>
  <comment xml:lang="eu">ChangeLog dokumentua</comment>
  <comment xml:lang="fi">Muutoslokiasiakirja</comment>
  <comment xml:lang="fo">ChangeLog skjal</comment>
  <comment xml:lang="fr">document ChangeLog</comment>
  <comment xml:lang="ga">cáipéis ChangeLog</comment>
  <comment xml:lang="gl">documento Changelog</comment>
  <comment xml:lang="he">מסמך של ChangeLog</comment>
  <comment xml:lang="hr">Dokument zaspisa promjena</comment>
  <comment xml:lang="hu">ChangeLog dokumentum</comment>
  <comment xml:lang="ia">Lista de cambiamentos</comment>
  <comment xml:lang="id">Dokumen ChangeLog</comment>
  <comment xml:lang="it">Documento ChangeLog</comment>
  <comment xml:lang="ja">ChangeLog ドキュメント</comment>
  <comment xml:lang="ka">ChangeLog დოკუმენტი</comment>
  <comment xml:lang="kk">ChangeLog құжаты</comment>
  <comment xml:lang="ko">ChangeLog 문서</comment>
  <comment xml:lang="lt">ChangeLog dokumentas</comment>
  <comment xml:lang="lv">ChangeLog dokuments</comment>
  <comment xml:lang="nb">ChangeLog-dokument</comment>
  <comment xml:lang="nl">ChangeLog-document</comment>
  <comment xml:lang="nn">ChangeLog-dokument</comment>
  <comment xml:lang="oc">document ChangeLog</comment>
  <comment xml:lang="pl">Dokument zmian (ChangeLog)</comment>
  <comment xml:lang="pt">documento ChangeLog</comment>
  <comment xml:lang="pt_BR">Documento ChangeLog</comment>
  <comment xml:lang="ro">Document ChangeLog</comment>
  <comment xml:lang="ru">протокол изменений</comment>
  <comment xml:lang="sk">Dokument ChangeLog</comment>
  <comment xml:lang="sl">Dokument ChangeLog</comment>
  <comment xml:lang="sq">Dokument ChangeLog</comment>
  <comment xml:lang="sr">Ченџ Лог документ</comment>
  <comment xml:lang="sv">Ändringsloggsdokument</comment>
  <comment xml:lang="tr">Değişim Günlüğü belgesi</comment>
  <comment xml:lang="uk">документ ChangeLog</comment>
  <comment xml:lang="vi">Tài liệu ChangeLog (ghi lưu thay đổi)</comment>
  <comment xml:lang="zh_CN">变更日志文档</comment>
  <comment xml:lang="zh_TW">ChangeLog 文件</comment>
  <sub-class-of type="text/plain"/>
  <glob pattern="ChangeLog"/>
</mime-type>
