<?xml version="1.0" encoding="utf-8"?>
<mime-type xmlns="http://www.freedesktop.org/standards/shared-mime-info" type="text/x-credits">
  <!--Created automatically by update-mime-database. DO NOT EDIT!-->
  <comment>author credits</comment>
  <comment xml:lang="ar">شكر وتقدير المؤلف</comment>
  <comment xml:lang="be@latin">zasłuhi aŭtara</comment>
  <comment xml:lang="bg">Благодарности към авторите</comment>
  <comment xml:lang="ca">atribucions d'autor</comment>
  <comment xml:lang="cs">autorské zásluhy</comment>
  <comment xml:lang="da">bidragydere</comment>
  <comment xml:lang="de">Autorendanksagung</comment>
  <comment xml:lang="el">Μνεία συγγραφέων</comment>
  <comment xml:lang="en_GB">author credits</comment>
  <comment xml:lang="es">reconocimiento de autoría</comment>
  <comment xml:lang="fi">tekijöiden kiitokset</comment>
  <comment xml:lang="fo">høvundaheiður</comment>
  <comment xml:lang="fr">remerciements</comment>
  <comment xml:lang="ga">admhálacha údar</comment>
  <comment xml:lang="gl">créditos de autor</comment>
  <comment xml:lang="he">קרדיטים של היוצר</comment>
  <comment xml:lang="hr">Zasluge autora</comment>
  <comment xml:lang="hu">szerzők listája</comment>
  <comment xml:lang="ia">Recognoscentia de autores</comment>
  <comment xml:lang="id">kredit penulis</comment>
  <comment xml:lang="it">Riconoscimenti autori</comment>
  <comment xml:lang="ja">ソフトウェア作者クレジット</comment>
  <comment xml:lang="kk">бағдарлама авторлары</comment>
  <comment xml:lang="ko">작성자 정보</comment>
  <comment xml:lang="lt">padėkos autoriams</comment>
  <comment xml:lang="lv">veidotāji</comment>
  <comment xml:lang="nb">liste med bidragsytere</comment>
  <comment xml:lang="nl">auteursinformatie</comment>
  <comment xml:lang="nn">forfattarliste</comment>
  <comment xml:lang="oc">mercejaments</comment>
  <comment xml:lang="pl">Podziękowania autorów programu</comment>
  <comment xml:lang="pt">créditos de autor</comment>
  <comment xml:lang="pt_BR">Créditos do autor</comment>
  <comment xml:lang="ro">mulțumiri autori</comment>
  <comment xml:lang="ru">авторы программы</comment>
  <comment xml:lang="sk">Autorské zásluhy</comment>
  <comment xml:lang="sl">avtorske zasluge</comment>
  <comment xml:lang="sq">Kreditë e autorëve</comment>
  <comment xml:lang="sr">заслуге аутора</comment>
  <comment xml:lang="sv">författarlista</comment>
  <comment xml:lang="tr">yazar bilgileri</comment>
  <comment xml:lang="uk">подяки авторам програми</comment>
  <comment xml:lang="vi">công trạng tác giả</comment>
  <comment xml:lang="zh_CN">软件作者致谢</comment>
  <comment xml:lang="zh_TW">作者致謝名單</comment>
  <sub-class-of type="text/plain"/>
  <glob pattern="CREDITS"/>
</mime-type>
