<?xml version="1.0" encoding="utf-8"?>
<mime-type xmlns="http://www.freedesktop.org/standards/shared-mime-info" type="text/x-erlang">
  <!--Created automatically by update-mime-database. DO NOT EDIT!-->
  <comment>Erlang source code</comment>
  <comment xml:lang="ar">شفرة مصدر Erlang</comment>
  <comment xml:lang="be@latin">Kryničny kod Erlang</comment>
  <comment xml:lang="bg">Изходен код — Erlang</comment>
  <comment xml:lang="ca">codi font en Erlang</comment>
  <comment xml:lang="cs">zdrojový kód Erlang</comment>
  <comment xml:lang="da">Erlangkildekode</comment>
  <comment xml:lang="de">Erlang-Quelltext</comment>
  <comment xml:lang="el">Πηγαίος κώδικας Erlang</comment>
  <comment xml:lang="en_GB">Erlang source code</comment>
  <comment xml:lang="eo">Erlang-fontkodo</comment>
  <comment xml:lang="es">código fuente en Erlang</comment>
  <comment xml:lang="eu">Erlang iturburu-kodea</comment>
  <comment xml:lang="fi">Erlang-lähdekoodi</comment>
  <comment xml:lang="fo">Erlang keldukota</comment>
  <comment xml:lang="fr">code source Erlang</comment>
  <comment xml:lang="ga">cód foinseach Erlang</comment>
  <comment xml:lang="gl">código fonte de Erlang</comment>
  <comment xml:lang="he">קוד מקור של Erlang</comment>
  <comment xml:lang="hr">Erlang izvorni kod</comment>
  <comment xml:lang="hu">Erlang forráskód</comment>
  <comment xml:lang="ia">Codice-fonte Erlang</comment>
  <comment xml:lang="id">Kode program Erlang</comment>
  <comment xml:lang="it">Codice sorgente Erlang</comment>
  <comment xml:lang="ja">Erlang ソースコード</comment>
  <comment xml:lang="ka">Erlang-ის საწყისი კოდი</comment>
  <comment xml:lang="kk">Erlang бастапқы коды</comment>
  <comment xml:lang="ko">Erlang 소스 코드</comment>
  <comment xml:lang="lt">Erlang pradinis kodas</comment>
  <comment xml:lang="lv">Erlang pirmkods</comment>
  <comment xml:lang="nb">Erlang-kildekode</comment>
  <comment xml:lang="nl">Erlang-broncode</comment>
  <comment xml:lang="nn">Erlang-kjeldekode</comment>
  <comment xml:lang="oc">còde font Erlang</comment>
  <comment xml:lang="pl">Kod źródłowy Erlang</comment>
  <comment xml:lang="pt">código origem Erlang</comment>
  <comment xml:lang="pt_BR">Código-fonte Erlang</comment>
  <comment xml:lang="ro">Cod sursă Erlang</comment>
  <comment xml:lang="ru">исходный код Erlang</comment>
  <comment xml:lang="sk">Zdrojový kód Erlang</comment>
  <comment xml:lang="sl">Datoteka izvorne kode Erlang</comment>
  <comment xml:lang="sq">Kod burues Erlang</comment>
  <comment xml:lang="sr">Ерланг изворни ко̂д</comment>
  <comment xml:lang="sv">Erlang-källkod</comment>
  <comment xml:lang="tr">Erlang kaynak kodu</comment>
  <comment xml:lang="uk">вихідний код мовою Erlang</comment>
  <comment xml:lang="vi">Mã nguồn Erlang</comment>
  <comment xml:lang="zh_CN">Erlang 源代码</comment>
  <comment xml:lang="zh_TW">Erlang 源碼</comment>
  <sub-class-of type="text/plain"/>
  <glob pattern="*.erl"/>
</mime-type>
