<?xml version="1.0" encoding="utf-8"?>
<mime-type xmlns="http://www.freedesktop.org/standards/shared-mime-info" type="text/x-google-video-pointer">
  <!--Created automatically by update-mime-database. DO NOT EDIT!-->
  <comment>Google Video Pointer</comment>
  <comment xml:lang="ar">مؤشر فيديو جوجل</comment>
  <comment xml:lang="be@latin">Pakazalnik Google Video</comment>
  <comment xml:lang="bg">Документ-указател към видео на Google</comment>
  <comment xml:lang="ca">apuntador a vídeo de Google</comment>
  <comment xml:lang="cs">Google Video Pointer</comment>
  <comment xml:lang="da">Google Video-peger</comment>
  <comment xml:lang="de">Google Video-Zeiger</comment>
  <comment xml:lang="el">Google Video Pointer</comment>
  <comment xml:lang="en_GB">Google Video Pointer</comment>
  <comment xml:lang="es">lista de reproducción de Google Video (GVP)</comment>
  <comment xml:lang="eu">Google Video-ren erreprodukzio-zerrenda</comment>
  <comment xml:lang="fi">Google-video-osoitin</comment>
  <comment xml:lang="fo">Google Video Pointer</comment>
  <comment xml:lang="fr">pointeur vidéo Google</comment>
  <comment xml:lang="ga">pointeoir Google Video</comment>
  <comment xml:lang="gl">punteiro de vídeo de Google</comment>
  <comment xml:lang="he">מצביע וידאו של Google</comment>
  <comment xml:lang="hr">Google Video pretraživač</comment>
  <comment xml:lang="hu">Google Video Pointer</comment>
  <comment xml:lang="ia">Punctator Google Video</comment>
  <comment xml:lang="id">Google Video Pointer</comment>
  <comment xml:lang="it">Puntatore Google Video</comment>
  <comment xml:lang="ja">Google ビデオポインター</comment>
  <comment xml:lang="kk">Google Video Pointer</comment>
  <comment xml:lang="ko">Google 동영상 포인터</comment>
  <comment xml:lang="lt">Google Video Pointer</comment>
  <comment xml:lang="lv">Google Video Pointer</comment>
  <comment xml:lang="nb">Peker til Google Video</comment>
  <comment xml:lang="nl">Google-videoverwijzing</comment>
  <comment xml:lang="nn">Google Video-peikar</comment>
  <comment xml:lang="oc">puntador vidèo Google</comment>
  <comment xml:lang="pl">Lista odtwarzania Google Video</comment>
  <comment xml:lang="pt">Ponteiro Google Video</comment>
  <comment xml:lang="pt_BR">Ponteiro do Google Vídeo</comment>
  <comment xml:lang="ro">Indicator Google Video</comment>
  <comment xml:lang="ru">Google Video Pointer</comment>
  <comment xml:lang="sk">Google Video Pointer</comment>
  <comment xml:lang="sl">Kazalec Google Video</comment>
  <comment xml:lang="sq">Puntues Google Video</comment>
  <comment xml:lang="sr">Гуглов видео показивач</comment>
  <comment xml:lang="sv">Google Video-pekare</comment>
  <comment xml:lang="tr">Google Video İşaretçisi</comment>
  <comment xml:lang="uk">вказівник відео Google</comment>
  <comment xml:lang="vi">Con trỏ ảnh động Google</comment>
  <comment xml:lang="zh_CN">Google 视频指向</comment>
  <comment xml:lang="zh_TW">Google Video Pointer</comment>
  <glob pattern="*.gvp"/>
  <alias type="text/google-video-pointer"/>
</mime-type>
