<?xml version="1.0" encoding="utf-8"?>
<mime-type xmlns="http://www.freedesktop.org/standards/shared-mime-info" type="text/x-java">
  <!--Created automatically by update-mime-database. DO NOT EDIT!-->
  <comment>Java source code</comment>
  <comment xml:lang="ar">شفرة مصدر Java</comment>
  <comment xml:lang="be@latin">Kryničny kod Java</comment>
  <comment xml:lang="bg">Изходен код на Java</comment>
  <comment xml:lang="ca">codi font en Java</comment>
  <comment xml:lang="cs">zdrojový kód Java</comment>
  <comment xml:lang="da">Javakildekode</comment>
  <comment xml:lang="de">Java-Quelltext</comment>
  <comment xml:lang="el">Πηγαίος κώδικας Java</comment>
  <comment xml:lang="en_GB">Java source code</comment>
  <comment xml:lang="eo">Java-fontkodo</comment>
  <comment xml:lang="es">código fuente en Java</comment>
  <comment xml:lang="eu">Java iturburu-kodea</comment>
  <comment xml:lang="fi">Java-lähdekoodi</comment>
  <comment xml:lang="fo">Java keldukota</comment>
  <comment xml:lang="fr">code source Java</comment>
  <comment xml:lang="ga">cód foinseach Java</comment>
  <comment xml:lang="gl">código fonte de Java</comment>
  <comment xml:lang="he">קוד מקור ב־Java</comment>
  <comment xml:lang="hr">Java izvorni kod</comment>
  <comment xml:lang="hu">Java-forráskód</comment>
  <comment xml:lang="ia">Codice-fonte Java</comment>
  <comment xml:lang="id">Kode program Java</comment>
  <comment xml:lang="it">Codice sorgente Java</comment>
  <comment xml:lang="ja">Java ソースコード</comment>
  <comment xml:lang="kk">Java бастапқы коды</comment>
  <comment xml:lang="ko">Java 소스 코드</comment>
  <comment xml:lang="lt">Java pradinis kodas</comment>
  <comment xml:lang="lv">Java pirmkods</comment>
  <comment xml:lang="ms">Kod sumber Java</comment>
  <comment xml:lang="nb">Java-kildekode</comment>
  <comment xml:lang="nl">Java-broncode</comment>
  <comment xml:lang="nn">Java-kjeldekode</comment>
  <comment xml:lang="oc">còde font Java</comment>
  <comment xml:lang="pl">Kod źródłowy Java</comment>
  <comment xml:lang="pt">código origem Java</comment>
  <comment xml:lang="pt_BR">Código-fonte Java</comment>
  <comment xml:lang="ro">Cod sursă Java</comment>
  <comment xml:lang="ru">исходный код Java</comment>
  <comment xml:lang="sk">Zdrojový kód Java</comment>
  <comment xml:lang="sl">Datoteka izvorne kode Java</comment>
  <comment xml:lang="sq">Kod burues Java</comment>
  <comment xml:lang="sr">Јава изворни ко̂д</comment>
  <comment xml:lang="sv">Java-källkod</comment>
  <comment xml:lang="tr">Java kaynak kodu</comment>
  <comment xml:lang="uk">вихідний код мовою Java</comment>
  <comment xml:lang="vi">Mã nguồn Java</comment>
  <comment xml:lang="zh_CN">Java 源代码</comment>
  <comment xml:lang="zh_TW">Java 源碼</comment>
  <sub-class-of type="text/x-csrc"/>
  <glob pattern="*.java"/>
</mime-type>
