<?xml version="1.0" encoding="utf-8"?>
<mime-type xmlns="http://www.freedesktop.org/standards/shared-mime-info" type="text/x-matlab">
  <!--Created automatically by update-mime-database. DO NOT EDIT!-->
  <comment>MATLAB script/function</comment>
  <comment xml:lang="ar">سكربت/وظيفة MATLAB</comment>
  <comment xml:lang="be@latin">Skrypt/funkcyja MATLAB</comment>
  <comment xml:lang="bg">Скрипт/функция — MATLAB</comment>
  <comment xml:lang="ca">script/funció MATLAB</comment>
  <comment xml:lang="cs">skript/funkce MATLAB</comment>
  <comment xml:lang="da">MATLAB-program/-funktion</comment>
  <comment xml:lang="de">MATLAB-Skript/-Funktion</comment>
  <comment xml:lang="el">Δέσμη ενεργειών/συνάρτηση MATLAB</comment>
  <comment xml:lang="en_GB">MATLAB script/function</comment>
  <comment xml:lang="es">secuencia de órdenes/función de MATLAB</comment>
  <comment xml:lang="eu">MATLAB script/funtzioa</comment>
  <comment xml:lang="fi">MATLAB-komentotiedosto/funktio</comment>
  <comment xml:lang="fo">MATLAB boðrøð/funka</comment>
  <comment xml:lang="fr">script/fonction MATLAB</comment>
  <comment xml:lang="ga">script/feidhm MATLAB</comment>
  <comment xml:lang="gl">función/script de MATLAB</comment>
  <comment xml:lang="he">תסריט/פונקציית MATLAB</comment>
  <comment xml:lang="hr">MATLAB skripta/funkcija</comment>
  <comment xml:lang="hu">MATLAB parancsfájl/funkció</comment>
  <comment xml:lang="ia">Script/function MATLAB</comment>
  <comment xml:lang="id">Skrip/fungsi MATLAB</comment>
  <comment xml:lang="it">Script/Funzione MATLAB</comment>
  <comment xml:lang="ja">MATLAB スクリプト/関数</comment>
  <comment xml:lang="kk">MATLAB сценарий/функциясы</comment>
  <comment xml:lang="ko">MATLAB 스크립트/함수</comment>
  <comment xml:lang="lt">MATLAB scenarijus / funkcija</comment>
  <comment xml:lang="lv">MATLAB skripts/funkcija</comment>
  <comment xml:lang="nb">Skript/funksjon for MATLAB</comment>
  <comment xml:lang="nl">MATLAB-script/functie</comment>
  <comment xml:lang="nn">MATLAB-skript/funksjon</comment>
  <comment xml:lang="oc">escript/fonction MATLAB</comment>
  <comment xml:lang="pl">Skrypt/funkcja MATLAB</comment>
  <comment xml:lang="pt">script/função MATLAB</comment>
  <comment xml:lang="pt_BR">Script/função do MATLAB</comment>
  <comment xml:lang="ro">Funcție/script MATLAB</comment>
  <comment xml:lang="ru">сценарий/функция MATLAB</comment>
  <comment xml:lang="sk">Skript/funkcia MATLAB</comment>
  <comment xml:lang="sl">Skriptna datoteka MATLAB</comment>
  <comment xml:lang="sq">Script/Funksion MATLAB</comment>
  <comment xml:lang="sr">скрипта/функција МАТЛАБ-а</comment>
  <comment xml:lang="sv">MATLAB-skript/funktion</comment>
  <comment xml:lang="tr">MATLAB betiği/fonksiyonu</comment>
  <comment xml:lang="uk">скрипт/функція MATLAB</comment>
  <comment xml:lang="vi">Văn lệnh/chức năng MATLAB</comment>
  <comment xml:lang="zh_CN">MATLAB 脚本/函数</comment>
  <comment xml:lang="zh_TW">MATLAB 指令稿/函式</comment>
  <sub-class-of type="text/plain"/>
  <glob pattern="*.m"/>
  <alias type="text/x-octave"/>
</mime-type>
