<?xml version="1.0" encoding="utf-8"?>
<mime-type xmlns="http://www.freedesktop.org/standards/shared-mime-info" type="text/x-ms-regedit">
  <!--Created automatically by update-mime-database. DO NOT EDIT!-->
  <comment>Windows Registry extract</comment>
  <comment xml:lang="ar">استخراج مسجل ويندوز</comment>
  <comment xml:lang="be@latin">Element rehistru Windows</comment>
  <comment xml:lang="bg">Извадка от регистъра на Windows</comment>
  <comment xml:lang="ca">extracte de Windows Registry</comment>
  <comment xml:lang="cs">výtah registru Windows</comment>
  <comment xml:lang="da">Windows Registy-udtrækning</comment>
  <comment xml:lang="de">Windows-Registry-Auszug</comment>
  <comment xml:lang="el">Αποσυμπίεση Windows Registry</comment>
  <comment xml:lang="en_GB">Windows Registry extract</comment>
  <comment xml:lang="es">extracto del registro de Windows</comment>
  <comment xml:lang="eu">Windows-eko erregistro erauzlea</comment>
  <comment xml:lang="fi">Windows-rekisteritietue</comment>
  <comment xml:lang="fo">Windows Registry úrdráttur</comment>
  <comment xml:lang="fr">extrait de registre Windows</comment>
  <comment xml:lang="ga">sliocht as Clárlann Windows</comment>
  <comment xml:lang="gl">Extracto do rexistro de Windows</comment>
  <comment xml:lang="he">קובץ רשומות מערכת של Windows</comment>
  <comment xml:lang="hr">Izdvojeni Windows registar</comment>
  <comment xml:lang="hu">Windows Registry kivonat</comment>
  <comment xml:lang="ia">Extracto de registro de systema Windows</comment>
  <comment xml:lang="id">Ekstrak Windows Registry</comment>
  <comment xml:lang="it">Estratto Windows Registry</comment>
  <comment xml:lang="ja">WIndows レジストリ抽出ファイル</comment>
  <comment xml:lang="kk">Windows Registry бөлігі</comment>
  <comment xml:lang="ko">Windows 레지스트리 파일</comment>
  <comment xml:lang="lt">Windows registro ištrauka</comment>
  <comment xml:lang="lv">Windows Registry izvilkums</comment>
  <comment xml:lang="nb">Utdrag av Windows Registry</comment>
  <comment xml:lang="nl">Windows Registry-extract</comment>
  <comment xml:lang="nn">Windows Registry-utdrag</comment>
  <comment xml:lang="oc">extrait de registre Windows</comment>
  <comment xml:lang="pl">Wycinek rejestru Windows</comment>
  <comment xml:lang="pt">extrato do registo do Windows</comment>
  <comment xml:lang="pt_BR">Extrator de registro do Windows</comment>
  <comment xml:lang="ro">Extras al registrului Windows</comment>
  <comment xml:lang="ru">фрагмент Windows Registry</comment>
  <comment xml:lang="sk">Časť registrov Windows</comment>
  <comment xml:lang="sl">izvleček vpisnika Windows</comment>
  <comment xml:lang="sq">Pjesë Windows Registry</comment>
  <comment xml:lang="sr">исцедак Виндоузовог регистра</comment>
  <comment xml:lang="sv">Windows Registry-utdrag</comment>
  <comment xml:lang="tr">Windows Kayıt Defteri özü</comment>
  <comment xml:lang="uk">частина реєстру Windows</comment>
  <comment xml:lang="vi">Bản trích Registry Windows</comment>
  <comment xml:lang="zh_CN">Windows 注册表文件</comment>
  <comment xml:lang="zh_TW">Windows Registry 抽出</comment>
  <sub-class-of type="text/plain"/>
  <glob pattern="*.reg"/>
</mime-type>
