<?xml version="1.0" encoding="utf-8"?>
<mime-type xmlns="http://www.freedesktop.org/standards/shared-mime-info" type="text/x-ocaml">
  <!--Created automatically by update-mime-database. DO NOT EDIT!-->
  <comment>OCaml source code</comment>
  <comment xml:lang="ar">شفرة مصدر OCaml</comment>
  <comment xml:lang="be@latin">Kryničny kod OCaml</comment>
  <comment xml:lang="bg">Изходен код — OCaml</comment>
  <comment xml:lang="ca">codi font en OCaml</comment>
  <comment xml:lang="cs">zdrojový kód OCaml</comment>
  <comment xml:lang="da">OCaml-kildekode</comment>
  <comment xml:lang="de">OCaml-Quelltext</comment>
  <comment xml:lang="el">Πηγαίος κώδικας OCaml</comment>
  <comment xml:lang="en_GB">OCaml source code</comment>
  <comment xml:lang="eo">OCaml-fontkodo</comment>
  <comment xml:lang="es">código fuente en OCaml</comment>
  <comment xml:lang="eu">OCaml iturburu-kodea</comment>
  <comment xml:lang="fi">OCaml-lähdekoodi</comment>
  <comment xml:lang="fo">OCaml keldukota</comment>
  <comment xml:lang="fr">code source OCaml</comment>
  <comment xml:lang="ga">cód foinseach OCaml</comment>
  <comment xml:lang="gl">código fonte de OCaml</comment>
  <comment xml:lang="he">קוד מקור של OCaml</comment>
  <comment xml:lang="hr">OCaml izvorni kod</comment>
  <comment xml:lang="hu">OCaml forráskód</comment>
  <comment xml:lang="ia">Codice-fonte OCaml</comment>
  <comment xml:lang="id">Kode program OCaml</comment>
  <comment xml:lang="it">Codice sorgente OCaml</comment>
  <comment xml:lang="ja">OCaml ソースコード</comment>
  <comment xml:lang="kk">OCaml бастапқы коды</comment>
  <comment xml:lang="ko">OCaml 소스 코드</comment>
  <comment xml:lang="lt">OCaml pradinis kodas</comment>
  <comment xml:lang="lv">OCaml pirmkods</comment>
  <comment xml:lang="nb">OCaml-kildekode</comment>
  <comment xml:lang="nl">OCaml-broncode</comment>
  <comment xml:lang="nn">OCaml-kjeldekode</comment>
  <comment xml:lang="oc">còde font OCaml</comment>
  <comment xml:lang="pl">Kod źródłowy OCaml</comment>
  <comment xml:lang="pt">código origem OCaml</comment>
  <comment xml:lang="pt_BR">Código-fonte OCaml</comment>
  <comment xml:lang="ro">Cod sursă OCaml</comment>
  <comment xml:lang="ru">исходный код OCaml</comment>
  <comment xml:lang="sk">Zdrojový kód OCaml</comment>
  <comment xml:lang="sl">Datoteka izvorne kode OCaml</comment>
  <comment xml:lang="sq">Kod burues OCaml</comment>
  <comment xml:lang="sr">Окемл изворни ко̂д</comment>
  <comment xml:lang="sv">OCaml-källkod</comment>
  <comment xml:lang="tr">OCaml kaynak kodu</comment>
  <comment xml:lang="uk">первинний код мовою OCaml</comment>
  <comment xml:lang="vi">Mã nguồn OCaml</comment>
  <comment xml:lang="zh_CN">OCaml 源代码</comment>
  <comment xml:lang="zh_TW">OCaml 源碼</comment>
  <glob pattern="*.ml"/>
  <glob pattern="*.mli"/>
</mime-type>
