<?xml version="1.0" encoding="utf-8"?>
<mime-type xmlns="http://www.freedesktop.org/standards/shared-mime-info" type="text/x-patch">
  <!--Created automatically by update-mime-database. DO NOT EDIT!-->
  <comment>differences between files</comment>
  <comment xml:lang="ar">الاختلافات بين الملفات</comment>
  <comment xml:lang="be@latin">adroźnieńni pamiž fajłami</comment>
  <comment xml:lang="bg">Разлики между файлове</comment>
  <comment xml:lang="ca">diferències entre fitxers</comment>
  <comment xml:lang="cs">rozdíly mezi soubory</comment>
  <comment xml:lang="da">forskel mellem filer</comment>
  <comment xml:lang="de">Unterschiede zwischen Dateien</comment>
  <comment xml:lang="el">Διαφορές μεταξύ αρχείων</comment>
  <comment xml:lang="en_GB">differences between files</comment>
  <comment xml:lang="eo">diferencoj inter dosieroj</comment>
  <comment xml:lang="es">diferencias entre archivos</comment>
  <comment xml:lang="eu">fitxategien arteko ezberdintasunak</comment>
  <comment xml:lang="fi">tiedostojen väliset erot</comment>
  <comment xml:lang="fo">munur millum fílur</comment>
  <comment xml:lang="fr">différences entre fichiers</comment>
  <comment xml:lang="ga">difríochtaí idir chomhaid</comment>
  <comment xml:lang="gl">diferenzas entre ficheiros</comment>
  <comment xml:lang="he">הבדל בין קבצים</comment>
  <comment xml:lang="hr">razlike između datoteka</comment>
  <comment xml:lang="hu">diff-különbségfájl</comment>
  <comment xml:lang="ia">Differentias inter files</comment>
  <comment xml:lang="id">perbedaan diantara berkas</comment>
  <comment xml:lang="it">Differenze tra file</comment>
  <comment xml:lang="ja">ファイル間差分</comment>
  <comment xml:lang="kk">файлдар арасындағы айырмашылықтары</comment>
  <comment xml:lang="ko">파일 사이의 차이점</comment>
  <comment xml:lang="lt">skirtumai tarp failų</comment>
  <comment xml:lang="lv">divu datņu atšķirība</comment>
  <comment xml:lang="ms">Perbezaan antara fail</comment>
  <comment xml:lang="nb">forskjeller mellom filer</comment>
  <comment xml:lang="nl">verschillen tussen bestanden</comment>
  <comment xml:lang="nn">skilnader mellom filer</comment>
  <comment xml:lang="oc">différences entre fichièrs</comment>
  <comment xml:lang="pl">Różnica pomiędzy plikami</comment>
  <comment xml:lang="pt">diferenças entre ficheiros</comment>
  <comment xml:lang="pt_BR">Diferenças entre arquivos</comment>
  <comment xml:lang="ro">diferențe între fișiere</comment>
  <comment xml:lang="ru">различия между файлами</comment>
  <comment xml:lang="sk">Rozdiely medzi súbormi</comment>
  <comment xml:lang="sl">razlike med datotekami</comment>
  <comment xml:lang="sq">Diferencë midis file</comment>
  <comment xml:lang="sr">разлике између датотека</comment>
  <comment xml:lang="sv">skillnader mellan filer</comment>
  <comment xml:lang="tr">dosyalar arasındaki fark</comment>
  <comment xml:lang="uk">різниця між файлами</comment>
  <comment xml:lang="vi">khác biệt giữa các tập tin</comment>
  <comment xml:lang="zh_CN">文件的区别</comment>
  <comment xml:lang="zh_TW">檔案內容差異</comment>
  <alias type="text/x-diff"/>
  <sub-class-of type="text/plain"/>
  <glob pattern="*.diff"/>
  <glob pattern="*.patch"/>
</mime-type>
