<?xml version="1.0" encoding="utf-8"?>
<mime-type xmlns="http://www.freedesktop.org/standards/shared-mime-info" type="text/x-qml">
  <!--Created automatically by update-mime-database. DO NOT EDIT!-->
  <comment>Qt Markup Language file</comment>
  <comment xml:lang="bg">Файл — Qt Markup</comment>
  <comment xml:lang="ca">fitxer de llenguatge de marcadors Qt</comment>
  <comment xml:lang="cs">soubor Qt Markup Language</comment>
  <comment xml:lang="da">Qt Markup Language-fil</comment>
  <comment xml:lang="de">Qt-Auszeichnungssprachendatei</comment>
  <comment xml:lang="el">Αρχείο Qt Markup Language</comment>
  <comment xml:lang="en_GB">Qt Markup Language file</comment>
  <comment xml:lang="es">archivo de lenguaje de marcado Qt</comment>
  <comment xml:lang="eu">Qt Markup lengoai fitxategia</comment>
  <comment xml:lang="fi">QML-tiedosto</comment>
  <comment xml:lang="fr">fichier Qt Markup Language</comment>
  <comment xml:lang="gl">ficheiro de linguaxe de marcado Qt</comment>
  <comment xml:lang="he">קובץ שפת סימון של Qt</comment>
  <comment xml:lang="hr">Qt Markup Language datoteka</comment>
  <comment xml:lang="hu">Qt jelölőnyelvű fájl</comment>
  <comment xml:lang="ia">File de linguage de marcation Qt</comment>
  <comment xml:lang="id">Berkas Bahasa Markup Qt</comment>
  <comment xml:lang="it">File Qt Markup Language</comment>
  <comment xml:lang="ja">Qt マークアップ言語ファイル</comment>
  <comment xml:lang="kk">Qt Markup Language файлы</comment>
  <comment xml:lang="ko">Qt 마크업 언어 파일</comment>
  <comment xml:lang="lv">Qt marķēšanas valodas datne</comment>
  <comment xml:lang="nl">Qt Markup Tallbestand</comment>
  <comment xml:lang="oc">fichièr Qt Markup Language</comment>
  <comment xml:lang="pl">Plik języka znaczników Qt</comment>
  <comment xml:lang="pt">ficheiro de linguagem Qt Markup</comment>
  <comment xml:lang="pt_BR">Arquivo de Qt Markup Language</comment>
  <comment xml:lang="ru">файл Qt Markup Language</comment>
  <comment xml:lang="sk">Súbor značkovacieho jazyka Qt</comment>
  <comment xml:lang="sl">Datoteka označevalnega jezika Qt</comment>
  <comment xml:lang="sr">датотека Кутовог језика означавања</comment>
  <comment xml:lang="sv">Qt-märkspråksfil</comment>
  <comment xml:lang="tr">Qt İşaretleme Dili dosyası</comment>
  <comment xml:lang="uk">файл мови розмітки Qt</comment>
  <comment xml:lang="zh_CN">Qt </comment>
  <comment xml:lang="zh_TW">Qt 標記語言檔</comment>
  <glob pattern="*.qml"/>
  <glob pattern="*.qmltypes"/>
  <glob pattern="*.qmlproject"/>
</mime-type>
