<?xml version="1.0" encoding="utf-8"?>
<mime-type xmlns="http://www.freedesktop.org/standards/shared-mime-info" type="text/x-scala">
  <!--Created automatically by update-mime-database. DO NOT EDIT!-->
  <comment>Scala source code</comment>
  <comment xml:lang="bg">Изходен код — Scala</comment>
  <comment xml:lang="ca">codi font en Scala</comment>
  <comment xml:lang="cs">zdrojový kód Scala</comment>
  <comment xml:lang="da">Scala-kildekode</comment>
  <comment xml:lang="de">Scala-Quelltext</comment>
  <comment xml:lang="el">Πηγαίος κώδικας Scala</comment>
  <comment xml:lang="en_GB">Scala source code</comment>
  <comment xml:lang="es">código fuente en Scala</comment>
  <comment xml:lang="eu">Scala iturburu-kodea</comment>
  <comment xml:lang="fi">Scala-lähdekoodi</comment>
  <comment xml:lang="fr">code source Scala</comment>
  <comment xml:lang="gl">código fnote en Scala</comment>
  <comment xml:lang="he">קוד מקור של Scala</comment>
  <comment xml:lang="hr">Scala izvorni kod</comment>
  <comment xml:lang="hu">Scala forráskód</comment>
  <comment xml:lang="ia">Codice-fonte Scala</comment>
  <comment xml:lang="id">Kode sumber Scala</comment>
  <comment xml:lang="it">Codice sorgente Scala</comment>
  <comment xml:lang="ja">Scala ソースコード</comment>
  <comment xml:lang="ka">Scala-ის საწყისი კოდი</comment>
  <comment xml:lang="kk">Scala бастапқы коды</comment>
  <comment xml:lang="ko">Scala 소스 코드</comment>
  <comment xml:lang="lv">Scala pirmkods</comment>
  <comment xml:lang="nl">Scala broncode</comment>
  <comment xml:lang="oc">còde font Scala</comment>
  <comment xml:lang="pl">Kod źródłowy Scala</comment>
  <comment xml:lang="pt">código origem Scala</comment>
  <comment xml:lang="pt_BR">Código-fonte Scala</comment>
  <comment xml:lang="ru">исходный код Scala</comment>
  <comment xml:lang="sk">Zdrojový kód Scala</comment>
  <comment xml:lang="sl">Izvorna koda Scala</comment>
  <comment xml:lang="sr">Скала изворни ко̂д</comment>
  <comment xml:lang="sv">Scala-källkod</comment>
  <comment xml:lang="tr">Scala kaynak kodu</comment>
  <comment xml:lang="uk">вихідний код мовою Scala</comment>
  <comment xml:lang="zh_CN">Scala 源代码</comment>
  <comment xml:lang="zh_TW">Scala 源碼</comment>
  <sub-class-of type="text/plain"/>
  <glob pattern="*.scala"/>
</mime-type>
