<?xml version="1.0" encoding="utf-8"?>
<mime-type xmlns="http://www.freedesktop.org/standards/shared-mime-info" type="text/x-scons">
  <!--Created automatically by update-mime-database. DO NOT EDIT!-->
  <comment>SCons configuration file</comment>
  <comment xml:lang="ca">fitxer de configuració de SCons</comment>
  <comment xml:lang="cs">konfigurační soubor SCons</comment>
  <comment xml:lang="da">SCons-konfigurationsfil</comment>
  <comment xml:lang="de">SCons-Konfigurationsdatei</comment>
  <comment xml:lang="el">Αρχείο ρυθμίσεων SCons</comment>
  <comment xml:lang="en_GB">SCons configuration file</comment>
  <comment xml:lang="es">archivo de configuración de SCons</comment>
  <comment xml:lang="eu">SCons konfigurazio-fitxategia</comment>
  <comment xml:lang="fi">SCons-asetustiedosto</comment>
  <comment xml:lang="fr">fichier de configuration SCons</comment>
  <comment xml:lang="he">קובץ תצורה של SCons</comment>
  <comment xml:lang="hr">SCons datoteka podešavanja</comment>
  <comment xml:lang="hu">SCons beállítófájl</comment>
  <comment xml:lang="ia">File de cofniguration SCons</comment>
  <comment xml:lang="id">Berkas konfigurasi SCons</comment>
  <comment xml:lang="it">File configurazione SCons</comment>
  <comment xml:lang="kk">SCons баптаулар файлы</comment>
  <comment xml:lang="ko">SCons 설정 파일</comment>
  <comment xml:lang="oc">fichièr de configuracion SCons</comment>
  <comment xml:lang="pl">Plik konfiguracji SCons</comment>
  <comment xml:lang="pt">ficheiro de configuração SCons</comment>
  <comment xml:lang="pt_BR">Arquivo de configuração do SCons</comment>
  <comment xml:lang="ru">файл настроек SCons</comment>
  <comment xml:lang="sk">Konfiguračný súbor SCons</comment>
  <comment xml:lang="sl">Prilagoditvena datoteka SCons</comment>
  <comment xml:lang="sr">СКонс датотека подешавања</comment>
  <comment xml:lang="sv">SCons-konfigurationsfil</comment>
  <comment xml:lang="tr">SCons yapılandırma dosyası</comment>
  <comment xml:lang="uk">файл налаштувань SCons</comment>
  <comment xml:lang="zh_CN">SCons 配置文件</comment>
  <comment xml:lang="zh_TW">SCons 組態檔</comment>
  <sub-class-of type="text/x-python"/>
  <glob pattern="SConstruct"/>
  <glob pattern="SConscript"/>
  <glob pattern="SConscript.*"/>
</mime-type>
