<?xml version="1.0" encoding="utf-8"?>
<mime-type xmlns="http://www.freedesktop.org/standards/shared-mime-info" type="image/fits">
  <!--Created automatically by update-mime-database. DO NOT EDIT!-->
  <comment>FITS document</comment>
  <comment xml:lang="ar">مستند FITS</comment>
  <comment xml:lang="be@latin">Dakument FITS</comment>
  <comment xml:lang="bg">Документ — FITS</comment>
  <comment xml:lang="ca">document FITS</comment>
  <comment xml:lang="cs">dokument FITS</comment>
  <comment xml:lang="da">FITS-dokument</comment>
  <comment xml:lang="de">FITS-Dokument</comment>
  <comment xml:lang="el">Έγγραφο FITS</comment>
  <comment xml:lang="en_GB">FITS document</comment>
  <comment xml:lang="eo">FITS-dokumento</comment>
  <comment xml:lang="es">documento FITS</comment>
  <comment xml:lang="eu">FITS dokumentua</comment>
  <comment xml:lang="fi">FITS-asiakirja</comment>
  <comment xml:lang="fo">FITS skjal</comment>
  <comment xml:lang="fr">document FITS</comment>
  <comment xml:lang="ga">cáipéis FITS</comment>
  <comment xml:lang="gl">documento FICT</comment>
  <comment xml:lang="he">מסמך FITS</comment>
  <comment xml:lang="hr">FITS dokument</comment>
  <comment xml:lang="hu">FITS dokumentum</comment>
  <comment xml:lang="ia">Documento FITS</comment>
  <comment xml:lang="id">Dokumen FITS</comment>
  <comment xml:lang="it">Documento FITS</comment>
  <comment xml:lang="ja">FITS ドキュメント</comment>
  <comment xml:lang="ka">FITS დოკუმენტი</comment>
  <comment xml:lang="kk">FITS құжаты</comment>
  <comment xml:lang="ko">FITS 문서</comment>
  <comment xml:lang="lt">FITS dokumentas</comment>
  <comment xml:lang="lv">FITS dokuments</comment>
  <comment xml:lang="nb">FITS-dokument</comment>
  <comment xml:lang="nl">FITS-document</comment>
  <comment xml:lang="nn">FITS-dokument</comment>
  <comment xml:lang="oc">document FITS</comment>
  <comment xml:lang="pl">Dokument FITS</comment>
  <comment xml:lang="pt">documento FITS</comment>
  <comment xml:lang="pt_BR">Documento FITS</comment>
  <comment xml:lang="ro">Document FITS</comment>
  <comment xml:lang="ru">документ FITS</comment>
  <comment xml:lang="sk">Dokument FITS</comment>
  <comment xml:lang="sl">Dokument FITS</comment>
  <comment xml:lang="sq">Dokument FITS</comment>
  <comment xml:lang="sr">ФИТС документ</comment>
  <comment xml:lang="sv">FITS-dokument</comment>
  <comment xml:lang="tr">FITS belgesi</comment>
  <comment xml:lang="uk">документ FITS</comment>
  <comment xml:lang="vi">Tài liệu FITS</comment>
  <comment xml:lang="zh_CN">FITS 文档</comment>
  <comment xml:lang="zh_TW">FITS 文件</comment>
  <acronym>FITS</acronym>
  <expanded-acronym>Flexible Image Transport System</expanded-acronym>
  <glob pattern="*.fits"/>
  <alias type="image/x-fits"/>
</mime-type>
