<?xml version="1.0" encoding="utf-8"?>
<mime-type xmlns="http://www.freedesktop.org/standards/shared-mime-info" type="image/rle">
  <!--Created automatically by update-mime-database. DO NOT EDIT!-->
  <comment>Run Length Encoded bitmap image</comment>
  <comment xml:lang="ar">تشغيل صورة نقطية طولية الترميز</comment>
  <comment xml:lang="be@latin">Bitmapnaja vyjava, zakadavanaja ŭ Run Length</comment>
  <comment xml:lang="bg">Изображение — RLE Bitmap</comment>
  <comment xml:lang="ca">imatge de mapa de bits «Run Lenght Encoded»</comment>
  <comment xml:lang="cs">obrázek bitové mapy Run Length Encoded</comment>
  <comment xml:lang="da">Run Length Encoded-bitmapbillede</comment>
  <comment xml:lang="de">Lauflängenkodiertes Bitmap-Bild</comment>
  <comment xml:lang="el">Εικόνα bitmap κωδικοποιημένου μήκος εκτέλεσης</comment>
  <comment xml:lang="en_GB">Run Length Encoded bitmap image</comment>
  <comment xml:lang="es">mapa de bits con codificación del tamaño durante la ejecución</comment>
  <comment xml:lang="eu">'Run Lenght Encoded' bitmap irudia</comment>
  <comment xml:lang="fi">RLE-koodattu bittikartta</comment>
  <comment xml:lang="fr">image matricielle Run Length Encoded</comment>
  <comment xml:lang="ga">íomhá mhapa giotáin Run Length Encoded</comment>
  <comment xml:lang="gl">mapa de bits con codificación do tamaño durante a execución</comment>
  <comment xml:lang="he">מקודד מפת סיביות של Run Length</comment>
  <comment xml:lang="hr">Run Length Encoded bitmap slika</comment>
  <comment xml:lang="hu">Run Length Encoded bitkép</comment>
  <comment xml:lang="ia">Imagine raster in codification Run-Length</comment>
  <comment xml:lang="id">Citra peta bit Run Length Encoded</comment>
  <comment xml:lang="it">Immagine bitmap RLE (Run Length Encoded)</comment>
  <comment xml:lang="ja">ランレングス符号化ビットマップ画像</comment>
  <comment xml:lang="kk">RLE сығылған растрлік суреті</comment>
  <comment xml:lang="ko">RLE 인코딩된 비트맵 그림</comment>
  <comment xml:lang="lt">Run Length Encoded rastrinis paveikslėlis</comment>
  <comment xml:lang="lv">Secīgo atkārtojumu kodēts bitkartes attēls</comment>
  <comment xml:lang="nb">Run Length Encoded bitmap bilde</comment>
  <comment xml:lang="nl">RLE-gecodeerde bitmap-afbeelding</comment>
  <comment xml:lang="nn">Run Length Encoded punktgrafikk</comment>
  <comment xml:lang="oc">imatge matriciala Run Length Encoded</comment>
  <comment xml:lang="pl">Obraz bitmapy RLE</comment>
  <comment xml:lang="pt">mapa de bitas Run Length Encoded</comment>
  <comment xml:lang="pt_BR">Classe de comprimento imagem bitmap codificada</comment>
  <comment xml:lang="ro">Imagine bitmap codată RLE</comment>
  <comment xml:lang="ru">растровое изображение (сжатое RLE)</comment>
  <comment xml:lang="sk">Bitmapový obrázok Run Length Encoded</comment>
  <comment xml:lang="sl">Zaporedno kodirana bitna slika (RLE)</comment>
  <comment xml:lang="sq">Figurë bitmap RLE (Run Length Encoded)</comment>
  <comment xml:lang="sr">битмап слика кодирана дужином скупине</comment>
  <comment xml:lang="sv">Körlängdskodad bitmappbild</comment>
  <comment xml:lang="tr">Run Length Encoded bit eşlem görüntüsü</comment>
  <comment xml:lang="uk">растрове зображення RLE</comment>
  <comment xml:lang="vi">Ảnh mảng mã hóa chiều dài chạy (RLE)</comment>
  <comment xml:lang="zh_CN">游程编码位图</comment>
  <comment xml:lang="zh_TW">Run Length Encoded 點陣影像</comment>
  <glob pattern="*.rle"/>
</mime-type>
