<?xml version="1.0" encoding="utf-8"?>
<mime-type xmlns="http://www.freedesktop.org/standards/shared-mime-info" type="image/vnd.microsoft.icon">
  <!--Created automatically by update-mime-database. DO NOT EDIT!-->
  <comment>Windows icon</comment>
  <comment xml:lang="ca">icona de Windows</comment>
  <comment xml:lang="cs">ikona Windows</comment>
  <comment xml:lang="da">Windows-ikon</comment>
  <comment xml:lang="de">Windows-Symbol</comment>
  <comment xml:lang="el">Εικονίδιο Windows</comment>
  <comment xml:lang="en_GB">Windows icon</comment>
  <comment xml:lang="es">icono de Windows</comment>
  <comment xml:lang="eu">Windows ikonoa</comment>
  <comment xml:lang="fi">Windows-kuvake</comment>
  <comment xml:lang="fr">icône Windows</comment>
  <comment xml:lang="he">סמל של Windows</comment>
  <comment xml:lang="hr">Windows ikona</comment>
  <comment xml:lang="hu">Windows ikon</comment>
  <comment xml:lang="ia">Icone pro Windows</comment>
  <comment xml:lang="id">Ikon Windows</comment>
  <comment xml:lang="it">Icona Windows</comment>
  <comment xml:lang="kk">Windows таңбашасы</comment>
  <comment xml:lang="ko">윈도우 아이콘</comment>
  <comment xml:lang="oc">icòna Windows</comment>
  <comment xml:lang="pl">Ikona Windows</comment>
  <comment xml:lang="pt">ícone Windows</comment>
  <comment xml:lang="pt_BR">Ícone do Windows</comment>
  <comment xml:lang="ru">значок Windows</comment>
  <comment xml:lang="sk">Ikona Windows</comment>
  <comment xml:lang="sl">Ikona Windows</comment>
  <comment xml:lang="sr">Иконица Виндоуза</comment>
  <comment xml:lang="sv">Windows-ikon</comment>
  <comment xml:lang="tr">Windows simgesi</comment>
  <comment xml:lang="uk">піктограма Windows</comment>
  <comment xml:lang="zh_CN">Windows 图标</comment>
  <comment xml:lang="zh_TW">Windows 圖示</comment>
  <glob pattern="*.ico"/>
  <alias type="application/ico"/>
  <alias type="image/ico"/>
  <alias type="image/icon"/>
  <alias type="image/x-ico"/>
  <alias type="image/x-icon"/>
  <alias type="text/ico"/>
</mime-type>
