<?xml version="1.0" encoding="utf-8"?>
<mime-type xmlns="http://www.freedesktop.org/standards/shared-mime-info" type="image/vnd.djvu+multipage">
  <!--Created automatically by update-mime-database. DO NOT EDIT!-->
  <comment>DjVu document</comment>
  <comment xml:lang="ca">document DjVu</comment>
  <comment xml:lang="cs">dokument DjVu</comment>
  <comment xml:lang="da">DjVu-dokument</comment>
  <comment xml:lang="de">DjVu-Dokument</comment>
  <comment xml:lang="el">Έγγραφο DjVu</comment>
  <comment xml:lang="en_GB">DjVu document</comment>
  <comment xml:lang="es">documento DjVu</comment>
  <comment xml:lang="eu">DjVu dokumentua</comment>
  <comment xml:lang="fi">DjVu-asiakirja</comment>
  <comment xml:lang="fr">document DjVu</comment>
  <comment xml:lang="he">מסמך DjVu</comment>
  <comment xml:lang="hr">DjVu dokument</comment>
  <comment xml:lang="hu">DjVu dokumentum</comment>
  <comment xml:lang="ia">Documento DjVu</comment>
  <comment xml:lang="id">Dokumen DjVu</comment>
  <comment xml:lang="it">Documento DjVu</comment>
  <comment xml:lang="kk">DjVu құжаты</comment>
  <comment xml:lang="ko">DjVu 문서</comment>
  <comment xml:lang="oc">document DjVu</comment>
  <comment xml:lang="pl">Dokument DjVu</comment>
  <comment xml:lang="pt">documento DjVu</comment>
  <comment xml:lang="pt_BR">Documento DjVu</comment>
  <comment xml:lang="ru">документ DjVu</comment>
  <comment xml:lang="sk">Dokument DjVu</comment>
  <comment xml:lang="sr">ДјВу документ</comment>
  <comment xml:lang="sv">DjVu-dokument</comment>
  <comment xml:lang="tr">DjVu belgesi</comment>
  <comment xml:lang="uk">документ DjVu</comment>
  <comment xml:lang="zh_CN">DjVu 文档</comment>
  <comment xml:lang="zh_TW">DjVu 文件</comment>
  <generic-icon name="x-office-document"/>
  <sub-class-of type="image/vnd.djvu"/>
  <glob pattern="*.djvu"/>
  <glob pattern="*.djv"/>
</mime-type>
