<?xml version="1.0" encoding="utf-8"?>
<mime-type xmlns="http://www.freedesktop.org/standards/shared-mime-info" type="image/vnd.ms-modi">
  <!--Created automatically by update-mime-database. DO NOT EDIT!-->
  <comment>Microsoft Document Imaging format</comment>
  <comment xml:lang="ar">صيغة مستند تصوير مايكروسوفت</comment>
  <comment xml:lang="bg">Изображение — Microsoft Document Imaging</comment>
  <comment xml:lang="ca">format Microsoft Document Imaging</comment>
  <comment xml:lang="cs">formát Microsoft Document Imaging</comment>
  <comment xml:lang="da">Microsofts dokumentbilledformat</comment>
  <comment xml:lang="de">Microsoft-Document-Imaging-Bildformat</comment>
  <comment xml:lang="el">Μορφή Microsoft Document Imaging</comment>
  <comment xml:lang="en_GB">Microsoft Document Imaging format</comment>
  <comment xml:lang="es">formato de imagen para documentos de Microsoft</comment>
  <comment xml:lang="eu">Microsoft Document Imaging formatua</comment>
  <comment xml:lang="fi">Microsoft Document Imaging -muoto</comment>
  <comment xml:lang="fo">Microsoft Document Imaging snið</comment>
  <comment xml:lang="fr">format Document Imaging Microsoft</comment>
  <comment xml:lang="ga">formáid Microsoft Document Imaging</comment>
  <comment xml:lang="gl">formato de Microsoft Document Imaging</comment>
  <comment xml:lang="he">תבנית של Microsoft Document Imaging</comment>
  <comment xml:lang="hr">Microsoft Document Imaging format</comment>
  <comment xml:lang="hu">Microsoft Document Imaging formátum</comment>
  <comment xml:lang="ia">File in formato Microsoft Document Imaging</comment>
  <comment xml:lang="id">Format Microsoft Document Imaging</comment>
  <comment xml:lang="it">Formato MDI (Microsoft Document Imaging)</comment>
  <comment xml:lang="ja">Microsoft ドキュメントイメージフォーマット</comment>
  <comment xml:lang="kk">Microsoft Document Imaging пішімі</comment>
  <comment xml:lang="ko">Microsoft 문서 이미지 형식</comment>
  <comment xml:lang="lt">Microsoft Document Imaging formatas</comment>
  <comment xml:lang="lv">Microsoft dokumentu attēlošanas formāts</comment>
  <comment xml:lang="nl">Microsoft Document Imaging</comment>
  <comment xml:lang="oc">format Document Imaging Microsoft</comment>
  <comment xml:lang="pl">Format Microsoft Document Imaging</comment>
  <comment xml:lang="pt">formato Microsoft Document Imaging</comment>
  <comment xml:lang="pt_BR">Formato do Microsoft Document Imaging</comment>
  <comment xml:lang="ro">Format Microsoft Document Imaging</comment>
  <comment xml:lang="ru">формат Microsoft Document Imaging</comment>
  <comment xml:lang="sk">Formát Microsoft Document Imaging</comment>
  <comment xml:lang="sl">Zapis Microsoft Document Imaging</comment>
  <comment xml:lang="sr">запис слика Мајкрософтовог документа</comment>
  <comment xml:lang="sv">Microsoft Document Imaging-format</comment>
  <comment xml:lang="tr">Microsoft Belge Görüntüleme biçimi</comment>
  <comment xml:lang="uk">формат Microsoft Document Imaging</comment>
  <comment xml:lang="vi">Định dạng tạo ảnh tài liệu Microsoft</comment>
  <comment xml:lang="zh_CN">Microsoft Document Imaging 扫描图像</comment>
  <comment xml:lang="zh_TW">微軟文件影像格式</comment>
  <acronym>MDI</acronym>
  <expanded-acronym>Microsoft Document Imaging</expanded-acronym>
  <glob pattern="*.mdi"/>
</mime-type>
