<?xml version="1.0" encoding="utf-8"?>
<mime-type xmlns="http://www.freedesktop.org/standards/shared-mime-info" type="image/x-canon-crw">
  <!--Created automatically by update-mime-database. DO NOT EDIT!-->
  <comment>Canon CRW raw image</comment>
  <comment xml:lang="ar">صورة Canon CRW خامة</comment>
  <comment xml:lang="be@latin">Suvoraja vyjava Canon CRW</comment>
  <comment xml:lang="bg">Изображение — Canon CRW raw</comment>
  <comment xml:lang="ca">imatge en cru de Canon CRW</comment>
  <comment xml:lang="cs">surový obrázek Canon CRW</comment>
  <comment xml:lang="da">Canon CRW-råbillede</comment>
  <comment xml:lang="de">Canon-CRW-Rohbild</comment>
  <comment xml:lang="el">Ανεπεξέργαστη εικόνα Canon CRW</comment>
  <comment xml:lang="en_GB">Canon CRW raw image</comment>
  <comment xml:lang="es">imagen en bruto CRW de Canon</comment>
  <comment xml:lang="eu">Canon CRW irudi gordina</comment>
  <comment xml:lang="fi">Canon-CRW-raakakuva</comment>
  <comment xml:lang="fo">Canon CRW rámynd</comment>
  <comment xml:lang="fr">image brute CRW Canon</comment>
  <comment xml:lang="ga">amhíomhá Canon CRW</comment>
  <comment xml:lang="gl">imaxe en bruto de Canon CRW</comment>
  <comment xml:lang="he">תמונה גולמית של Canon CRW</comment>
  <comment xml:lang="hr">Canon CRW osnovna slika</comment>
  <comment xml:lang="hu">Canon CRW nyers kép</comment>
  <comment xml:lang="ia">Imagine brute CRW Canon</comment>
  <comment xml:lang="id">Citra mentah Canon CRW</comment>
  <comment xml:lang="it">Immagine raw Canon CRW</comment>
  <comment xml:lang="ja">Canon CRW raw 画像</comment>
  <comment xml:lang="ka">Canon CRW raw გამოსახულება</comment>
  <comment xml:lang="kk">Canon CRW өңделмеген суреті</comment>
  <comment xml:lang="ko">캐논 CRW RAW 사진</comment>
  <comment xml:lang="lt">Canon CRW neapdorotas paveikslėlis</comment>
  <comment xml:lang="lv">Canon CRW jēlattēls</comment>
  <comment xml:lang="nb">Canon CRW raw-bilde</comment>
  <comment xml:lang="nl">onbewerkt Canon CRW-beeld</comment>
  <comment xml:lang="nn">Canon CRW råbilete</comment>
  <comment xml:lang="oc">imatge brut CRW Canon</comment>
  <comment xml:lang="pl">Surowy obraz CRW Canon</comment>
  <comment xml:lang="pt">imagem em bruto Canon CRW</comment>
  <comment xml:lang="pt_BR">Imagem bruta CRW da Canon</comment>
  <comment xml:lang="ro">Imagine brută Canon CRW</comment>
  <comment xml:lang="ru">необработанное изображение Canon CRW</comment>
  <comment xml:lang="sk">Surový obrázok Canon CRW</comment>
  <comment xml:lang="sl">Surova slikovna datoteka Canon CRW</comment>
  <comment xml:lang="sq">Figurë raw Canon CRW</comment>
  <comment xml:lang="sr">Кенон ЦРВ сирова слика</comment>
  <comment xml:lang="sv">Canon CRW-råbild</comment>
  <comment xml:lang="tr">Canon CRW ham görüntüsü</comment>
  <comment xml:lang="uk">цифровий негатив CRW Canon</comment>
  <comment xml:lang="vi">Ảnh thô Canon CRW</comment>
  <comment xml:lang="zh_CN">Canon CRW 原始图像</comment>
  <comment xml:lang="zh_TW">Canon CRW 原生影像</comment>
  <acronym>CRW</acronym>
  <expanded-acronym>Canon RaW</expanded-acronym>
  <sub-class-of type="image/x-dcraw"/>
  <glob pattern="*.crw"/>
</mime-type>
