<?xml version="1.0" encoding="utf-8"?>
<mime-type xmlns="http://www.freedesktop.org/standards/shared-mime-info" type="image/x-kodak-k25">
  <!--Created automatically by update-mime-database. DO NOT EDIT!-->
  <comment>Kodak K25 raw image</comment>
  <comment xml:lang="ar">صورة Kodak K25 خامة</comment>
  <comment xml:lang="be@latin">Suvoraja vyjava Kodak K25</comment>
  <comment xml:lang="bg">Изображение — Kodak K25 raw</comment>
  <comment xml:lang="ca">imatge en cru de Kodak K25</comment>
  <comment xml:lang="cs">surový obrázek Kodak K25</comment>
  <comment xml:lang="da">Kodak K25-råbillede</comment>
  <comment xml:lang="de">Kodak-K25-Rohbild</comment>
  <comment xml:lang="el">Ανεπεξέργαστη εικόνα Kodak K25</comment>
  <comment xml:lang="en_GB">Kodak K25 raw image</comment>
  <comment xml:lang="es">imagen en bruto K25 de Kodak</comment>
  <comment xml:lang="eu">Kodak K25 raw image</comment>
  <comment xml:lang="fi">Kodak-K25-raakakuva</comment>
  <comment xml:lang="fo">Kodak K25 rámynd</comment>
  <comment xml:lang="fr">image brute K25 Kodak</comment>
  <comment xml:lang="ga">amhíomhá Kodak K25</comment>
  <comment xml:lang="gl">imaxe en bruto de Kodad K25</comment>
  <comment xml:lang="he">תמונה גולמית של Kodak K25</comment>
  <comment xml:lang="hr">Kodak K25 osnovna slika</comment>
  <comment xml:lang="hu">Kodak K25 nyers kép</comment>
  <comment xml:lang="ia">Imagine brute K25 de Kodak</comment>
  <comment xml:lang="id">Citra mentah Kodak K25</comment>
  <comment xml:lang="it">Immagine raw Kodak K25</comment>
  <comment xml:lang="ja">Kodak K25 raw 画像</comment>
  <comment xml:lang="kk">Kodak K25 өңделмеген суреті</comment>
  <comment xml:lang="ko">코닥 K25 RAW 사진</comment>
  <comment xml:lang="lt">Kodak K25 neapdorotas paveikslėlis</comment>
  <comment xml:lang="lv">Kodak K25 jēlattēls</comment>
  <comment xml:lang="nb">Kodak K25 raw-bilde</comment>
  <comment xml:lang="nl">onbewerkt Kodak K25-beeld</comment>
  <comment xml:lang="nn">Kodak K25 råbilete</comment>
  <comment xml:lang="oc">imatge brut K25 Kodak</comment>
  <comment xml:lang="pl">Surowy obraz K25 Kodak</comment>
  <comment xml:lang="pt">imagem em bruto Kodak K25</comment>
  <comment xml:lang="pt_BR">Imagem bruta K25 da Kodak</comment>
  <comment xml:lang="ro">Imagine brută Kodak K25</comment>
  <comment xml:lang="ru">необработанное изображение Kodak K25</comment>
  <comment xml:lang="sk">Surový obrázok Kodak K25</comment>
  <comment xml:lang="sl">Surova slikovna datoteka Kodak K25</comment>
  <comment xml:lang="sq">Figurë raw Kodak K25</comment>
  <comment xml:lang="sr">Кодак К25 сирова слика</comment>
  <comment xml:lang="sv">Kodak K25-råbild</comment>
  <comment xml:lang="tr">Kodak K25 ham görüntüsü</comment>
  <comment xml:lang="uk">цифровий негатив K25 Kodak</comment>
  <comment xml:lang="vi">Ảnh thô Kodak K25</comment>
  <comment xml:lang="zh_CN">Kodak K25 原始图像</comment>
  <comment xml:lang="zh_TW">Kodak K25 原生影像</comment>
  <acronym>K25</acronym>
  <expanded-acronym>Kodak DC25</expanded-acronym>
  <sub-class-of type="image/x-dcraw"/>
  <sub-class-of type="image/tiff"/>
  <glob pattern="*.k25"/>
</mime-type>
