<?xml version="1.0" encoding="utf-8"?>
<mime-type xmlns="http://www.freedesktop.org/standards/shared-mime-info" type="image/x-lws">
  <!--Created automatically by update-mime-database. DO NOT EDIT!-->
  <comment>LightWave scene</comment>
  <comment xml:lang="ar">مشهد LightWave</comment>
  <comment xml:lang="az">LightWave səhnəsi</comment>
  <comment xml:lang="be@latin">Scena LightWave</comment>
  <comment xml:lang="bg">Сцена — LightWave</comment>
  <comment xml:lang="ca">escena de LightWave</comment>
  <comment xml:lang="cs">scéna LightWave</comment>
  <comment xml:lang="cy">Golygfa LightWave</comment>
  <comment xml:lang="da">LightWave-scene</comment>
  <comment xml:lang="de">LightWave-Szene</comment>
  <comment xml:lang="el">Σκηνή LightWave</comment>
  <comment xml:lang="en_GB">LightWave scene</comment>
  <comment xml:lang="eo">LightWave-sceno</comment>
  <comment xml:lang="es">escena de LightWave</comment>
  <comment xml:lang="eu">LightWave eszena</comment>
  <comment xml:lang="fi">LightWave-maisema</comment>
  <comment xml:lang="fo">LightWave leikmynd</comment>
  <comment xml:lang="fr">scène LightWave</comment>
  <comment xml:lang="ga">radharc LightWave</comment>
  <comment xml:lang="gl">escena de LightWave</comment>
  <comment xml:lang="he">סצנה של LightWave</comment>
  <comment xml:lang="hr">LightWave scena</comment>
  <comment xml:lang="hu">LightWave-jelenet</comment>
  <comment xml:lang="ia">Scena LightWave</comment>
  <comment xml:lang="id">Scene LightWave</comment>
  <comment xml:lang="it">Scena LightWave</comment>
  <comment xml:lang="ja">LightWave シーン</comment>
  <comment xml:lang="kk">LightWave сахнасы</comment>
  <comment xml:lang="ko">LightWave 장면</comment>
  <comment xml:lang="lt">LightWave scena</comment>
  <comment xml:lang="lv">LightWave aina</comment>
  <comment xml:lang="ms">Babak LightWave</comment>
  <comment xml:lang="nb">LightWave-scene</comment>
  <comment xml:lang="nl">LightWave-scène</comment>
  <comment xml:lang="nn">LightWave-scene</comment>
  <comment xml:lang="oc">scèna LightWave</comment>
  <comment xml:lang="pl">Scena Lightwave</comment>
  <comment xml:lang="pt">cenário LightWave</comment>
  <comment xml:lang="pt_BR">Cena LightWave</comment>
  <comment xml:lang="ro">Scenă LightWave</comment>
  <comment xml:lang="ru">сцена LightWave</comment>
  <comment xml:lang="sk">Scéna LightWave</comment>
  <comment xml:lang="sl">Datoteka scene LightWave</comment>
  <comment xml:lang="sq">Skenë LightWave</comment>
  <comment xml:lang="sr">Лајт Вејв сцена</comment>
  <comment xml:lang="sv">LightWave-scen</comment>
  <comment xml:lang="tr">LightWave sahnesi</comment>
  <comment xml:lang="uk">сцена LightWave</comment>
  <comment xml:lang="vi">Cảnh LightWave</comment>
  <comment xml:lang="zh_CN">LightWave 场景</comment>
  <comment xml:lang="zh_TW">LightWave 場景</comment>
  <glob pattern="*.lws"/>
</mime-type>
