<?xml version="1.0" encoding="utf-8"?>
<mime-type xmlns="http://www.freedesktop.org/standards/shared-mime-info" type="image/x-macpaint">
  <!--Created automatically by update-mime-database. DO NOT EDIT!-->
  <comment>MacPaint Bitmap image</comment>
  <comment xml:lang="ar">صورة MacPaint Bitmap</comment>
  <comment xml:lang="be@latin">Bitmapnaja vyjava MacPaint</comment>
  <comment xml:lang="bg">Изображение — MacPaint Bitmap</comment>
  <comment xml:lang="ca">imatge de mapa de bits MacPaint</comment>
  <comment xml:lang="cs">obrázek MacPaint Bitmap</comment>
  <comment xml:lang="da">MacPaint BitMap-billede</comment>
  <comment xml:lang="de">MacPaint-Bitmap-Datei</comment>
  <comment xml:lang="el">Εικόνα Bitmap MacPaint</comment>
  <comment xml:lang="en_GB">MacPaint Bitmap image</comment>
  <comment xml:lang="es">imagen de mapa de bits de MacPaint</comment>
  <comment xml:lang="eu">MacPaint Bitmap irudia</comment>
  <comment xml:lang="fi">MacPaint-bittikartta</comment>
  <comment xml:lang="fo">MacPaint Bitmap mynd</comment>
  <comment xml:lang="fr">image matricielle MacPaint</comment>
  <comment xml:lang="ga">íomhá MacPaint Bitmap</comment>
  <comment xml:lang="gl">imaxe de mapa de bits MacPaint</comment>
  <comment xml:lang="he">תמונת מפת-סיביות של MacPaint</comment>
  <comment xml:lang="hr">MacPaint Bitmap slika</comment>
  <comment xml:lang="hu">MacPaint bitkép</comment>
  <comment xml:lang="ia">Imagine bitmap de MacPaint</comment>
  <comment xml:lang="id">Citra MacPaint Bitmap</comment>
  <comment xml:lang="it">Immagine Bitmap MacPaint</comment>
  <comment xml:lang="ja">MacPaint ビットマップ画像</comment>
  <comment xml:lang="kk">MacPaint растрлық суреті</comment>
  <comment xml:lang="ko">MacPaint 비트맵 그림</comment>
  <comment xml:lang="lt">MacPaint rastrinis paveikslėlis</comment>
  <comment xml:lang="lv">MacPaint bitkartes attēls</comment>
  <comment xml:lang="nb">MacPaint Bitmap-bilde</comment>
  <comment xml:lang="nl">MacPaint-bitmap-afbeelding</comment>
  <comment xml:lang="nn">MacPaint punktbilete</comment>
  <comment xml:lang="oc">imatge matricial MacPaint</comment>
  <comment xml:lang="pl">Obraz bitmapowy MacPaint</comment>
  <comment xml:lang="pt">imagem MacPaint Bitmap</comment>
  <comment xml:lang="pt_BR">Imagem de bitmap do MacPaint</comment>
  <comment xml:lang="ro">Imagine MacPaint Bitmap</comment>
  <comment xml:lang="ru">растровое изображение MacPaint</comment>
  <comment xml:lang="sk">Obrázok MacPaint Bitmap</comment>
  <comment xml:lang="sl">Slikovna bitna datoteka MacPaint</comment>
  <comment xml:lang="sq">Figurë BitMap MacPaint</comment>
  <comment xml:lang="sr">Мек Пеинт битмап слика</comment>
  <comment xml:lang="sv">MacPaint Bitmap-bild</comment>
  <comment xml:lang="tr">MacPaint bit eşlem görüntüsü</comment>
  <comment xml:lang="uk">растрове зображення MacPaint</comment>
  <comment xml:lang="vi">Ảnh mảng MacPaint</comment>
  <comment xml:lang="zh_CN">MacPaint 位图</comment>
  <comment xml:lang="zh_TW">MacPaint 點陣影像</comment>
  <glob pattern="*.pntg"/>
</mime-type>
