<?xml version="1.0" encoding="utf-8"?>
<mime-type xmlns="http://www.freedesktop.org/standards/shared-mime-info" type="image/x-minolta-mrw">
  <!--Created automatically by update-mime-database. DO NOT EDIT!-->
  <comment>Minolta MRW raw image</comment>
  <comment xml:lang="ar">صورة Minolta MRW خامة</comment>
  <comment xml:lang="be@latin">Suvoraja vyjava Minolta MRW</comment>
  <comment xml:lang="bg">Изображение — Minolta MRW raw</comment>
  <comment xml:lang="ca">imatge en cru de Minolta MRW</comment>
  <comment xml:lang="cs">surový obrázek Minolta MRW</comment>
  <comment xml:lang="da">Minolta MRW-råbillede</comment>
  <comment xml:lang="de">Minolta-MRW-Rohbild</comment>
  <comment xml:lang="el">Ανεπεξέργαστη εικόνα Minolta MRW</comment>
  <comment xml:lang="en_GB">Minolta MRW raw image</comment>
  <comment xml:lang="es">imagen en bruto MRW de Minolta</comment>
  <comment xml:lang="eu">Minolta MRW irudi gordina</comment>
  <comment xml:lang="fi">Minolta-MRW-raakakuva</comment>
  <comment xml:lang="fo">Minolta MRW rámynd</comment>
  <comment xml:lang="fr">image brute MRW Minolta</comment>
  <comment xml:lang="ga">amhíomhá Minolta MRW</comment>
  <comment xml:lang="gl">imaxe RAW de Minolta MRW</comment>
  <comment xml:lang="he">תמונה גולמית של Minolta MRW</comment>
  <comment xml:lang="hr">Minolta MRW osnovna slika</comment>
  <comment xml:lang="hu">Minolta MRW nyers kép</comment>
  <comment xml:lang="ia">Imagine brute Minolta MRW</comment>
  <comment xml:lang="id">Citra mentah Minolta MRW</comment>
  <comment xml:lang="it">Immagine raw Minolta MRW</comment>
  <comment xml:lang="ja">Minolta MRW raw 画像</comment>
  <comment xml:lang="kk">Minolta MRW өңделмеген суреті</comment>
  <comment xml:lang="ko">미놀타 MRW RAW 사진</comment>
  <comment xml:lang="lt">Minolta MRW neapdorotas paveikslėlis</comment>
  <comment xml:lang="lv">Minolta MRW jēlattēls</comment>
  <comment xml:lang="nb">Minolta MRW raw-bilde</comment>
  <comment xml:lang="nl">onbewerkt Minolta MRW-beeld</comment>
  <comment xml:lang="nn">Minolta MRW råbilete</comment>
  <comment xml:lang="oc">imatge brut MRW Minolta</comment>
  <comment xml:lang="pl">Surowy obraz MRW Minolta</comment>
  <comment xml:lang="pt">imagem em bruto Minolta MRW</comment>
  <comment xml:lang="pt_BR">Imagem bruta MRW do Minolta</comment>
  <comment xml:lang="ro">Imagine brută Minolta MRW</comment>
  <comment xml:lang="ru">необработанное изображение Minolta MRW</comment>
  <comment xml:lang="sk">Surový obrázok Minolta MRW</comment>
  <comment xml:lang="sl">Surova slikovna datoteka Minolta MRW</comment>
  <comment xml:lang="sq">Figurë raw Minolta MRW</comment>
  <comment xml:lang="sr">Минолта МРВ сирова слика</comment>
  <comment xml:lang="sv">Minolta MRW-råbild</comment>
  <comment xml:lang="tr">Minolta MRW ham görüntüsü</comment>
  <comment xml:lang="uk">цифровий негатив MRW Minolta</comment>
  <comment xml:lang="vi">Ảnh thô Minolta MRW</comment>
  <comment xml:lang="zh_CN">Minolta MRW 原始图像</comment>
  <comment xml:lang="zh_TW">Minolta MRW 原生影像</comment>
  <acronym>MRW</acronym>
  <expanded-acronym>Minolta RaW</expanded-acronym>
  <sub-class-of type="image/x-dcraw"/>
  <glob pattern="*.mrw"/>
</mime-type>
