<?xml version="1.0" encoding="utf-8"?>
<mime-type xmlns="http://www.freedesktop.org/standards/shared-mime-info" type="image/x-nikon-nef">
  <!--Created automatically by update-mime-database. DO NOT EDIT!-->
  <comment>Nikon NEF raw image</comment>
  <comment xml:lang="ar">صورة Nikon NEF خامة</comment>
  <comment xml:lang="be@latin">Suvoraja vyjava Nikon NEF</comment>
  <comment xml:lang="bg">Изображение — Nikon NEF raw</comment>
  <comment xml:lang="ca">imatge en cru de Nikon NEF</comment>
  <comment xml:lang="cs">surový obrázek Nikon NEF</comment>
  <comment xml:lang="da">Nikon NEF-råbillede</comment>
  <comment xml:lang="de">Nikon-NEF-Rohbild</comment>
  <comment xml:lang="el">Ανεπεξέργαστη εικόνα Nikon NEF</comment>
  <comment xml:lang="en_GB">Nikon NEF raw image</comment>
  <comment xml:lang="es">imagen en bruto NEF de Nikon</comment>
  <comment xml:lang="eu">Nikon NEF irudi gordina</comment>
  <comment xml:lang="fi">Nikon-NEF-raakakuva</comment>
  <comment xml:lang="fo">Nikon NEF rámynd</comment>
  <comment xml:lang="fr">image brute NEF Nikon</comment>
  <comment xml:lang="ga">amhíomhá Nikon NEF</comment>
  <comment xml:lang="gl">imaxe RAW NEF Nikon</comment>
  <comment xml:lang="he">תמונה גולמית של Nikon NEF</comment>
  <comment xml:lang="hr">Nikon NEF osnovna slika</comment>
  <comment xml:lang="hu">Nikon NEF nyers kép</comment>
  <comment xml:lang="ia">Imagine brute Nikon NEF</comment>
  <comment xml:lang="id">Citra mentah Nikon NEF</comment>
  <comment xml:lang="it">Immagine raw Nikon NEF</comment>
  <comment xml:lang="ja">Nikon NEF raw イメージ</comment>
  <comment xml:lang="kk">Nikon NEF өңделмеген суреті</comment>
  <comment xml:lang="ko">니콘 NEF RAW 사진</comment>
  <comment xml:lang="lt">Nikon NEF neapdorotas paveikslėlis</comment>
  <comment xml:lang="lv">Nikon NEF jēlattēls</comment>
  <comment xml:lang="nb">Nikon NEF raw-bilde</comment>
  <comment xml:lang="nl">onbewerkt Nikon NEF-beeld</comment>
  <comment xml:lang="nn">Nikon NEF råbilete</comment>
  <comment xml:lang="oc">imatge brut NEF Nikon</comment>
  <comment xml:lang="pl">Surowy obraz NEF Nikon</comment>
  <comment xml:lang="pt">imagem em bruto Nikon NEF</comment>
  <comment xml:lang="pt_BR">Imagem bruta NEF da Nikon</comment>
  <comment xml:lang="ro">Imagine brută Nikon NEF</comment>
  <comment xml:lang="ru">необработанное изображение Nikon NEF</comment>
  <comment xml:lang="sk">Surový obrázok Nikon NEF</comment>
  <comment xml:lang="sl">Surova slikovna datoteka Nikon NEF</comment>
  <comment xml:lang="sq">Figurë raw Nikon NEF</comment>
  <comment xml:lang="sr">Никон НЕФ сирова слика</comment>
  <comment xml:lang="sv">Nikon NEF-råbild</comment>
  <comment xml:lang="tr">Nikon NEF ham görüntüsü</comment>
  <comment xml:lang="uk">цифровий негатив NEF Nikon</comment>
  <comment xml:lang="vi">Ảnh thô Nikon NEF</comment>
  <comment xml:lang="zh_CN">Nikon NEF 原始图像</comment>
  <comment xml:lang="zh_TW">Nikon NEF 原生影像</comment>
  <acronym>NEF</acronym>
  <expanded-acronym>Nikon Electronic Format</expanded-acronym>
  <sub-class-of type="image/x-dcraw"/>
  <sub-class-of type="image/tiff"/>
  <glob pattern="*.nef"/>
</mime-type>
