<?xml version="1.0" encoding="utf-8"?>
<mime-type xmlns="http://www.freedesktop.org/standards/shared-mime-info" type="image/x-sony-sr2">
  <!--Created automatically by update-mime-database. DO NOT EDIT!-->
  <comment>Sony SR2 raw image</comment>
  <comment xml:lang="ar">صورة Sony SR2 خامة</comment>
  <comment xml:lang="be@latin">Suvoraja vyjava Sony SR2</comment>
  <comment xml:lang="bg">Изображение — Sony SR2 raw</comment>
  <comment xml:lang="ca">imatge en cru de Sony SR2</comment>
  <comment xml:lang="cs">surový obrázek Sony SR2</comment>
  <comment xml:lang="da">Sony SR2-råbillede</comment>
  <comment xml:lang="de">Sony-SR2-Rohbild</comment>
  <comment xml:lang="el">Ανεπεξέργαστη εικόνα Sony SR2</comment>
  <comment xml:lang="en_GB">Sony SR2 raw image</comment>
  <comment xml:lang="es">imagen en bruto SR2 de Sony</comment>
  <comment xml:lang="eu">Sony SR2 irudi gordina</comment>
  <comment xml:lang="fi">Sony-SR2-raakakuva</comment>
  <comment xml:lang="fo">Sony SR2 rámynd</comment>
  <comment xml:lang="fr">image brute SR2 Sony</comment>
  <comment xml:lang="ga">amhíomhá Sony SR2</comment>
  <comment xml:lang="gl">imaxe en bruto SR2 de sony</comment>
  <comment xml:lang="he">תמונה גולמית של Sony SR2</comment>
  <comment xml:lang="hr">Sony SR2 osnovna slika</comment>
  <comment xml:lang="hu">Sony SR2 nyers kép</comment>
  <comment xml:lang="ia">Imagine brute Sony SR2</comment>
  <comment xml:lang="id">Citra mentah Sony SR2</comment>
  <comment xml:lang="it">Immagine raw Sony SR2</comment>
  <comment xml:lang="ja">Sony SR2 raw 画像</comment>
  <comment xml:lang="kk">Sony SR2 өңделмеген суреті</comment>
  <comment xml:lang="ko">소니 SR2 RAW 사진</comment>
  <comment xml:lang="lt">Sony SR2 neapdorotas paveikslėlis</comment>
  <comment xml:lang="lv">Sony SR2 jēlattēls</comment>
  <comment xml:lang="nb">Sony SR2 raw-bilde</comment>
  <comment xml:lang="nl">onbewerkt Sony SR2-beeld</comment>
  <comment xml:lang="nn">Sony SR2 råbilete</comment>
  <comment xml:lang="oc">imatge brut SR2 Sony</comment>
  <comment xml:lang="pl">Surowy obraz SR2 Sony</comment>
  <comment xml:lang="pt">imagem em bruto Sony SR2</comment>
  <comment xml:lang="pt_BR">Imagem bruta SR2 da Sony</comment>
  <comment xml:lang="ro">Imagine brută Sony SR2</comment>
  <comment xml:lang="ru">необработанное изображение Sony SR2</comment>
  <comment xml:lang="sk">Surový obrázok Sony SR2</comment>
  <comment xml:lang="sl">Surova slikovna datoteka Sony SR2</comment>
  <comment xml:lang="sq">Figurë raw Sony SR2</comment>
  <comment xml:lang="sr">Сони СР2 сирова слика</comment>
  <comment xml:lang="sv">Sony SR2-råbild</comment>
  <comment xml:lang="tr">Sony SR2 ham görüntüsü</comment>
  <comment xml:lang="uk">цифровий негатив SR2 Sony</comment>
  <comment xml:lang="vi">Ảnh thô Sony SR2</comment>
  <comment xml:lang="zh_CN">Sony SR2 原始映像</comment>
  <comment xml:lang="zh_TW">Sony SR2 原生影像</comment>
  <acronym>SR2</acronym>
  <expanded-acronym>Sony Raw format 2</expanded-acronym>
  <sub-class-of type="image/x-dcraw"/>
  <sub-class-of type="image/tiff"/>
  <glob pattern="*.sr2"/>
</mime-type>
