<?xml version="1.0" encoding="utf-8"?>
<mime-type xmlns="http://www.freedesktop.org/standards/shared-mime-info" type="image/x-tiff-multipage">
  <!--Created automatically by update-mime-database. DO NOT EDIT!-->
  <comment>Multi-page TIFF image</comment>
  <comment xml:lang="ca">imatge TIFF multipàgina</comment>
  <comment xml:lang="cs">vícestránkový obrázek TIFF</comment>
  <comment xml:lang="da">Flersidet TIFF-billede</comment>
  <comment xml:lang="de">Mehrseitiges TIFF-Bild</comment>
  <comment xml:lang="el">Πολυσέλιδη εικόνα TIFF</comment>
  <comment xml:lang="en_GB">Multi-page TIFF image</comment>
  <comment xml:lang="es">imagen TIFF de varias páginas</comment>
  <comment xml:lang="eu">Orri anitzeko TIFF irudia</comment>
  <comment xml:lang="fi">Monisivuinen TIFF-kuva</comment>
  <comment xml:lang="fr">Image TIFF multi-page</comment>
  <comment xml:lang="gl">Imaxe TIFF multipáxina</comment>
  <comment xml:lang="he">תמונת TIFF עם ריבוי עמודים</comment>
  <comment xml:lang="hr">Višestrana TIFF slika</comment>
  <comment xml:lang="hu">Többoldalas TIFF kép</comment>
  <comment xml:lang="ia">Imagine TIFF multi-pagina</comment>
  <comment xml:lang="id">Citra TIFF multi halaman</comment>
  <comment xml:lang="it">Immagine TIFF multi-pagina</comment>
  <comment xml:lang="kk">Көпбеттік TIFF суреті</comment>
  <comment xml:lang="ko">다중 페이지 TIFF 그림</comment>
  <comment xml:lang="oc">Imatge TIFF multipagina</comment>
  <comment xml:lang="pl">Wielostronnicowy obraz TIFF</comment>
  <comment xml:lang="pt">imagem TIFF multipágina</comment>
  <comment xml:lang="pt_BR">Imagem TIFF multipágina</comment>
  <comment xml:lang="ru">Многостраничное изображение TIFF</comment>
  <comment xml:lang="sk">Viacstránkový obrázok TIFF</comment>
  <comment xml:lang="sl">Večstranska slika TIFF</comment>
  <comment xml:lang="sr">Вишестранична ТИФФ слика</comment>
  <comment xml:lang="sv">Flersidig TIFF-bild</comment>
  <comment xml:lang="tr">Çok sayfalı TIFF görüntüsü</comment>
  <comment xml:lang="uk">багатосторінкове зображення TIFF</comment>
  <comment xml:lang="zh_CN">多页 TIFF 图像</comment>
  <comment xml:lang="zh_TW">多頁 TIFF 影像</comment>
  <acronym>TIFF</acronym>
  <expanded-acronym>Tagged Image File Format</expanded-acronym>
  <sub-class-of type="image/tiff"/>
</mime-type>
