<?xml version="1.0" encoding="utf-8"?>
<mime-type xmlns="http://www.freedesktop.org/standards/shared-mime-info" type="audio/aac">
  <!--Created automatically by update-mime-database. DO NOT EDIT!-->
  <comment>AAC audio</comment>
  <comment xml:lang="ca">àudio AAC</comment>
  <comment xml:lang="cs">zvuk AAC</comment>
  <comment xml:lang="da">AAC-lyd</comment>
  <comment xml:lang="de">AAC-Audio</comment>
  <comment xml:lang="el">Ήχος AAC</comment>
  <comment xml:lang="en_GB">AAC audio</comment>
  <comment xml:lang="es">sonido AAC</comment>
  <comment xml:lang="eu">AAC audioa</comment>
  <comment xml:lang="fi">AAC-ääni</comment>
  <comment xml:lang="fr">audio AAC</comment>
  <comment xml:lang="gl">Son AAC</comment>
  <comment xml:lang="he">שמע AAC</comment>
  <comment xml:lang="hr">AAC zvučni zapis</comment>
  <comment xml:lang="hu">AAC hang</comment>
  <comment xml:lang="ia">Audio ACC</comment>
  <comment xml:lang="id">Audio AAC</comment>
  <comment xml:lang="it">Audio AAC</comment>
  <comment xml:lang="ja">AAC オーディオ</comment>
  <comment xml:lang="kk">AAC аудиосы</comment>
  <comment xml:lang="ko">AAC 오디오</comment>
  <comment xml:lang="lv">AAC audio</comment>
  <comment xml:lang="oc">àudio AAC</comment>
  <comment xml:lang="pl">Dźwięk AAC</comment>
  <comment xml:lang="pt">áudio AAC</comment>
  <comment xml:lang="pt_BR">Áudio AAC</comment>
  <comment xml:lang="ru">аудио AAC</comment>
  <comment xml:lang="sk">Zvuk AAC</comment>
  <comment xml:lang="sl">Zvok AAC</comment>
  <comment xml:lang="sr">ААЦ звук</comment>
  <comment xml:lang="sv">AAC-ljud</comment>
  <comment xml:lang="tr">AAC sesi</comment>
  <comment xml:lang="uk">звукові дані AAC</comment>
  <comment xml:lang="zh_CN">AAC 音频</comment>
  <comment xml:lang="zh_TW">AAC 音訊</comment>
  <acronym>AAC</acronym>
  <expanded-acronym>Advanced Audio Coding</expanded-acronym>
  <glob pattern="*.aac"/>
  <alias type="audio/x-aac"/>
</mime-type>
