<?xml version="1.0" encoding="utf-8"?>
<mime-type xmlns="http://www.freedesktop.org/standards/shared-mime-info" type="audio/AMR">
  <!--Created automatically by update-mime-database. DO NOT EDIT!-->
  <comment>AMR audio</comment>
  <comment xml:lang="ar">AMR سمعي</comment>
  <comment xml:lang="be@latin">Aŭdyjo AMR</comment>
  <comment xml:lang="bg">Аудио — AMR</comment>
  <comment xml:lang="ca">àudio AMR</comment>
  <comment xml:lang="cs">zvuk AMR</comment>
  <comment xml:lang="da">AMR-lyd</comment>
  <comment xml:lang="de">AMR-Audio</comment>
  <comment xml:lang="el">Ήχος AMR</comment>
  <comment xml:lang="en_GB">AMR audio</comment>
  <comment xml:lang="eo">AMR-sondosiero</comment>
  <comment xml:lang="es">sonido AMR</comment>
  <comment xml:lang="eu">AMR audioa</comment>
  <comment xml:lang="fi">AMR-ääni</comment>
  <comment xml:lang="fo">AMR ljóður</comment>
  <comment xml:lang="fr">audio AMR</comment>
  <comment xml:lang="ga">fuaim AMR</comment>
  <comment xml:lang="gl">son AMR</comment>
  <comment xml:lang="he">שמע AMR</comment>
  <comment xml:lang="hr">AMR audio</comment>
  <comment xml:lang="hu">AMR hang</comment>
  <comment xml:lang="ia">Audio AMR</comment>
  <comment xml:lang="id">Audio AMR</comment>
  <comment xml:lang="it">Audio AMR</comment>
  <comment xml:lang="ja">AMR オーディオ</comment>
  <comment xml:lang="ka">AMR აუდიო</comment>
  <comment xml:lang="kk">AMR аудиосы</comment>
  <comment xml:lang="ko">AMR 오디오</comment>
  <comment xml:lang="lt">AMR garso įrašas</comment>
  <comment xml:lang="lv">AMR audio</comment>
  <comment xml:lang="nb">AMR-lyd</comment>
  <comment xml:lang="nl">AMR-audio</comment>
  <comment xml:lang="nn">AMR-lyd</comment>
  <comment xml:lang="oc">àudio AMR</comment>
  <comment xml:lang="pl">Plik dźwiękowy AMR</comment>
  <comment xml:lang="pt">áudio AMR</comment>
  <comment xml:lang="pt_BR">Áudio AMR</comment>
  <comment xml:lang="ro">Audio AMR</comment>
  <comment xml:lang="ru">аудио AMR</comment>
  <comment xml:lang="sk">Zvuk AMR</comment>
  <comment xml:lang="sl">Zvočna datoteka AMR</comment>
  <comment xml:lang="sq">Audio AMR</comment>
  <comment xml:lang="sr">АМР звук</comment>
  <comment xml:lang="sv">AMR-ljud</comment>
  <comment xml:lang="tr">AMR sesi</comment>
  <comment xml:lang="uk">звук AMR</comment>
  <comment xml:lang="vi">Âm thanh AMR</comment>
  <comment xml:lang="zh_CN">AMR 音频</comment>
  <comment xml:lang="zh_TW">AMR 音訊</comment>
  <acronym>AMR</acronym>
  <expanded-acronym>Adaptive Multi-Rate</expanded-acronym>
  <glob pattern="*.amr"/>
  <alias type="audio/amr-encrypted"/>
</mime-type>
