<?xml version="1.0" encoding="utf-8"?>
<mime-type xmlns="http://www.freedesktop.org/standards/shared-mime-info" type="audio/annodex">
  <!--Created automatically by update-mime-database. DO NOT EDIT!-->
  <comment>Annodex Audio</comment>
  <comment xml:lang="ar">Annodex سمعي</comment>
  <comment xml:lang="bg">Аудио — Annodex</comment>
  <comment xml:lang="ca">Annodex Audio</comment>
  <comment xml:lang="cs">zvuk Annodex</comment>
  <comment xml:lang="da">Annodexlyd</comment>
  <comment xml:lang="de">Annodex-Audio</comment>
  <comment xml:lang="el">Ήχος Annodex</comment>
  <comment xml:lang="en_GB">Annodex Audio</comment>
  <comment xml:lang="eo">Annodex-sondosiero</comment>
  <comment xml:lang="es">sonido Annodex</comment>
  <comment xml:lang="eu">Annodex audioa</comment>
  <comment xml:lang="fi">Annodex-ääni</comment>
  <comment xml:lang="fo">Annodex ljóður</comment>
  <comment xml:lang="fr">audio Annodex</comment>
  <comment xml:lang="ga">fuaim Annodex</comment>
  <comment xml:lang="gl">son de Annodex</comment>
  <comment xml:lang="he">שמע Annodex</comment>
  <comment xml:lang="hr">Annodex Audio</comment>
  <comment xml:lang="hu">Annodex hang</comment>
  <comment xml:lang="ia">Audio Annodex</comment>
  <comment xml:lang="id">Audio Annodex</comment>
  <comment xml:lang="it">Audio Annodex</comment>
  <comment xml:lang="ja">Annodex オーディオ</comment>
  <comment xml:lang="ka">Annodex-ის აუდიო</comment>
  <comment xml:lang="kk">Annodex аудиосы</comment>
  <comment xml:lang="ko">Annodex 오디오</comment>
  <comment xml:lang="lt">Annodex garso įrašas</comment>
  <comment xml:lang="lv">Annodex audio</comment>
  <comment xml:lang="nl">Annodex Audio</comment>
  <comment xml:lang="oc">àudio Annodex</comment>
  <comment xml:lang="pl">Plik dźwiękowy Annodex</comment>
  <comment xml:lang="pt">áudio Annodex</comment>
  <comment xml:lang="pt_BR">Áudio Annodex</comment>
  <comment xml:lang="ro">Audio Annodex</comment>
  <comment xml:lang="ru">аудио Annodex</comment>
  <comment xml:lang="sk">Zvuk Annodex</comment>
  <comment xml:lang="sl">Zvočna datoteka Annodex</comment>
  <comment xml:lang="sr">Анодекс аудио</comment>
  <comment xml:lang="sv">Annodex-ljud</comment>
  <comment xml:lang="tr">Annodex Sesi</comment>
  <comment xml:lang="uk">звук Annodex</comment>
  <comment xml:lang="vi">Âm thanh Annodex</comment>
  <comment xml:lang="zh_CN">Annodex 音频</comment>
  <comment xml:lang="zh_TW">Annodex 音訊</comment>
  <sub-class-of type="application/annodex"/>
  <glob pattern="*.axa"/>
  <alias type="audio/x-annodex"/>
</mime-type>
