<?xml version="1.0" encoding="utf-8"?>
<mime-type xmlns="http://www.freedesktop.org/standards/shared-mime-info" type="audio/midi">
  <!--Created automatically by update-mime-database. DO NOT EDIT!-->
  <comment>MIDI audio</comment>
  <comment xml:lang="ar">MIDI سمعي</comment>
  <comment xml:lang="az">MIDI audio faylı</comment>
  <comment xml:lang="be@latin">Aŭdyjo MIDI</comment>
  <comment xml:lang="bg">Аудио — MIDI</comment>
  <comment xml:lang="ca">àudio MIDI</comment>
  <comment xml:lang="cs">zvuk MIDI</comment>
  <comment xml:lang="cy">Sain MIDI</comment>
  <comment xml:lang="da">MIDI-lyd</comment>
  <comment xml:lang="de">MIDI-Audio</comment>
  <comment xml:lang="el">Ήχος MIDI</comment>
  <comment xml:lang="en_GB">MIDI audio</comment>
  <comment xml:lang="eo">MIDI-sondosiero</comment>
  <comment xml:lang="es">sonido MIDI</comment>
  <comment xml:lang="eu">MIDI audioa</comment>
  <comment xml:lang="fi">MIDI-ääni</comment>
  <comment xml:lang="fo">MIDI ljóður</comment>
  <comment xml:lang="fr">audio MIDI</comment>
  <comment xml:lang="ga">fuaim MIDI</comment>
  <comment xml:lang="gl">son MIDI</comment>
  <comment xml:lang="he">שמע MIDI</comment>
  <comment xml:lang="hr">MIDI audio</comment>
  <comment xml:lang="hu">MIDI hang</comment>
  <comment xml:lang="ia">Audio MIDI</comment>
  <comment xml:lang="id">Audio MIDI</comment>
  <comment xml:lang="it">Audio MIDI</comment>
  <comment xml:lang="ja">MIDI オーディオ</comment>
  <comment xml:lang="kk">MIDI аудиосы</comment>
  <comment xml:lang="ko">미디 오디오</comment>
  <comment xml:lang="lt">MIDI garso įrašas</comment>
  <comment xml:lang="lv">MIDI audio</comment>
  <comment xml:lang="ms">Audio MIDI</comment>
  <comment xml:lang="nb">MIDI-lyd</comment>
  <comment xml:lang="nl">MIDI-audio</comment>
  <comment xml:lang="nn">MIDI-lyd</comment>
  <comment xml:lang="oc">àudio MIDI</comment>
  <comment xml:lang="pl">Plik dźwiękowy MIDI</comment>
  <comment xml:lang="pt">áudio MIDI</comment>
  <comment xml:lang="pt_BR">Áudio MIDI</comment>
  <comment xml:lang="ro">Audio MIDI</comment>
  <comment xml:lang="ru">аудио MIDI</comment>
  <comment xml:lang="sk">Zvuk MIDI</comment>
  <comment xml:lang="sl">Zvočna datoteka MIDI</comment>
  <comment xml:lang="sq">Audio MIDI</comment>
  <comment xml:lang="sr">МИДИ звук</comment>
  <comment xml:lang="sv">MIDI-ljud</comment>
  <comment xml:lang="tr">MIDI sesi</comment>
  <comment xml:lang="uk">звук MIDI</comment>
  <comment xml:lang="vi">Âm thanh MIDI</comment>
  <comment xml:lang="zh_CN">MIDI 音频</comment>
  <comment xml:lang="zh_TW">MIDI 音訊</comment>
  <alias type="audio/x-midi"/>
  <glob pattern="*.mid"/>
  <glob pattern="*.midi"/>
  <glob pattern="*.kar"/>
</mime-type>
