<?xml version="1.0" encoding="utf-8"?>
<mime-type xmlns="http://www.freedesktop.org/standards/shared-mime-info" type="audio/mp2">
  <!--Created automatically by update-mime-database. DO NOT EDIT!-->
  <comment>MP2 audio</comment>
  <comment xml:lang="ar">MP2 سمعي</comment>
  <comment xml:lang="be@latin">Aŭdyjo MP2</comment>
  <comment xml:lang="bg">Аудио — MP2</comment>
  <comment xml:lang="ca">àudio MP2</comment>
  <comment xml:lang="cs">zvuk MP2</comment>
  <comment xml:lang="da">MP2-lyd</comment>
  <comment xml:lang="de">MP2-Audio</comment>
  <comment xml:lang="el">Ήχος MP2</comment>
  <comment xml:lang="en_GB">MP2 audio</comment>
  <comment xml:lang="eo">MP2-sondosiero</comment>
  <comment xml:lang="es">sonido MP2</comment>
  <comment xml:lang="eu">MP2 audioa</comment>
  <comment xml:lang="fi">MP2-ääni</comment>
  <comment xml:lang="fo">MP2 ljóður</comment>
  <comment xml:lang="fr">audio MP2</comment>
  <comment xml:lang="ga">fuaim MP2</comment>
  <comment xml:lang="gl">son MP2</comment>
  <comment xml:lang="he">שמע MP2</comment>
  <comment xml:lang="hr">MP2 audio</comment>
  <comment xml:lang="hu">MP2 hang</comment>
  <comment xml:lang="ia">Audio MP2</comment>
  <comment xml:lang="id">Audio MP2</comment>
  <comment xml:lang="it">Audio MP2</comment>
  <comment xml:lang="ja">MP2 オーディオ</comment>
  <comment xml:lang="kk">MP2 аудиосы</comment>
  <comment xml:lang="ko">MP2 오디오</comment>
  <comment xml:lang="lt">MP2 garso įrašas</comment>
  <comment xml:lang="lv">MP2 audio</comment>
  <comment xml:lang="nb">MP2-lyd</comment>
  <comment xml:lang="nl">MP2-audio</comment>
  <comment xml:lang="nn">MP2-lyd</comment>
  <comment xml:lang="oc">àudio MP2</comment>
  <comment xml:lang="pl">Plik dźwiękowy MP2</comment>
  <comment xml:lang="pt">áudio MP2</comment>
  <comment xml:lang="pt_BR">Áudio MP2</comment>
  <comment xml:lang="ro">Audio MP2</comment>
  <comment xml:lang="ru">аудио MP2</comment>
  <comment xml:lang="sk">Zvuk MP2</comment>
  <comment xml:lang="sl">Zvočna datoteka MP2</comment>
  <comment xml:lang="sq">Audio MP2</comment>
  <comment xml:lang="sr">МП2 звук</comment>
  <comment xml:lang="sv">MP2-ljud</comment>
  <comment xml:lang="tr">MP2 sesi</comment>
  <comment xml:lang="uk">звук MP2</comment>
  <comment xml:lang="vi">Âm thanh MP2</comment>
  <comment xml:lang="zh_CN">MP2 音频</comment>
  <comment xml:lang="zh_TW">MP2 音訊</comment>
  <alias type="audio/x-mp2"/>
  <glob pattern="*.mp2"/>
</mime-type>
