<?xml version="1.0" encoding="utf-8"?>
<mime-type xmlns="http://www.freedesktop.org/standards/shared-mime-info" type="audio/mp4">
  <!--Created automatically by update-mime-database. DO NOT EDIT!-->
  <comment>MPEG-4 audio</comment>
  <comment xml:lang="ar">MPEG-4 سمعي</comment>
  <comment xml:lang="be@latin">Aŭdyjo MPEG-4</comment>
  <comment xml:lang="bg">Аудио — MPEG-4</comment>
  <comment xml:lang="ca">àudio MPEG-4</comment>
  <comment xml:lang="cs">zvuk MPEG-4</comment>
  <comment xml:lang="da">MPEG4-lyd</comment>
  <comment xml:lang="de">MPEG-4-Audio</comment>
  <comment xml:lang="el">Ήχος MPEG-4</comment>
  <comment xml:lang="en_GB">MPEG-4 audio</comment>
  <comment xml:lang="eo">MPEG4-sondosiero</comment>
  <comment xml:lang="es">sonido MPEG-4</comment>
  <comment xml:lang="eu">MPEG-4 audioa</comment>
  <comment xml:lang="fi">MPEG-4-ääni</comment>
  <comment xml:lang="fo">MPEG-4 ljóður</comment>
  <comment xml:lang="fr">audio MPEG-4</comment>
  <comment xml:lang="ga">fuaim MPEG-4</comment>
  <comment xml:lang="gl">son MPEG-4</comment>
  <comment xml:lang="he">שמע MPEG-4</comment>
  <comment xml:lang="hr">MPEG-4 audio</comment>
  <comment xml:lang="hu">MPEG-4 hang</comment>
  <comment xml:lang="ia">Audio MPEG-4</comment>
  <comment xml:lang="id">Audio MPEG-4</comment>
  <comment xml:lang="it">Audio MPEG-4</comment>
  <comment xml:lang="ja">MPEG-4 オーディオ</comment>
  <comment xml:lang="ka">MPEG-4 აუდიო</comment>
  <comment xml:lang="kk">MPEG-4 аудиосы</comment>
  <comment xml:lang="ko">MPEG-4 오디오</comment>
  <comment xml:lang="lt">MPEG-4 garso įrašas</comment>
  <comment xml:lang="lv">MPEG-4 audio</comment>
  <comment xml:lang="nb">MPEG-4-lyd</comment>
  <comment xml:lang="nl">MPEG4-audio</comment>
  <comment xml:lang="nn">MPEG-4-lyd</comment>
  <comment xml:lang="oc">àudio MPEG-4</comment>
  <comment xml:lang="pl">Plik dźwiękowy MPEG-4</comment>
  <comment xml:lang="pt">áudio MPEG-4</comment>
  <comment xml:lang="pt_BR">Áudio MPEG-4</comment>
  <comment xml:lang="ro">Audio MPEG-4</comment>
  <comment xml:lang="ru">аудио MPEG-4</comment>
  <comment xml:lang="sk">Zvuk MPEG-4</comment>
  <comment xml:lang="sl">Zvočna datoteka MPEG-4</comment>
  <comment xml:lang="sq">Audio MPEG-4</comment>
  <comment xml:lang="sr">МПЕГ-4 звук</comment>
  <comment xml:lang="sv">MPEG-4-ljud</comment>
  <comment xml:lang="tr">MPEG-4 sesi</comment>
  <comment xml:lang="uk">звук MPEG-4</comment>
  <comment xml:lang="vi">Âm thanh MPEG-4</comment>
  <comment xml:lang="zh_CN">MPEG-4 音频</comment>
  <comment xml:lang="zh_TW">MPEG-4 音訊</comment>
  <alias type="audio/x-m4a"/>
  <alias type="audio/m4a"/>
  <glob pattern="*.m4a"/>
  <glob pattern="*.f4a"/>
</mime-type>
