<?xml version="1.0" encoding="utf-8"?>
<mime-type xmlns="http://www.freedesktop.org/standards/shared-mime-info" type="audio/mpeg">
  <!--Created automatically by update-mime-database. DO NOT EDIT!-->
  <comment>MP3 audio</comment>
  <comment xml:lang="ar">MP3 سمعي</comment>
  <comment xml:lang="az">MP3 audio faylı</comment>
  <comment xml:lang="be@latin">Aŭdyjo MP3</comment>
  <comment xml:lang="bg">Аудио — MP3</comment>
  <comment xml:lang="ca">àudio MP3</comment>
  <comment xml:lang="cs">zvuk MP3</comment>
  <comment xml:lang="cy">Sain MP3</comment>
  <comment xml:lang="da">MP3-lyd</comment>
  <comment xml:lang="de">MP3-Audio</comment>
  <comment xml:lang="el">Ήχος MP3</comment>
  <comment xml:lang="en_GB">MP3 audio</comment>
  <comment xml:lang="eo">MP3-sondosiero</comment>
  <comment xml:lang="es">sonido MP3</comment>
  <comment xml:lang="eu">MP3 audioa</comment>
  <comment xml:lang="fi">MP3-ääni</comment>
  <comment xml:lang="fo">MP3 ljóður</comment>
  <comment xml:lang="fr">audio MP3</comment>
  <comment xml:lang="ga">fuaim MP3</comment>
  <comment xml:lang="gl">son MP3</comment>
  <comment xml:lang="he">שמע MP3</comment>
  <comment xml:lang="hr">MP3 audio</comment>
  <comment xml:lang="hu">MP3 hang</comment>
  <comment xml:lang="ia">Audio MP3</comment>
  <comment xml:lang="id">Audio MP3</comment>
  <comment xml:lang="it">Audio MP3</comment>
  <comment xml:lang="ja">MP3 オーディオ</comment>
  <comment xml:lang="ka">MP3 აუდიო</comment>
  <comment xml:lang="kk">MP3 аудиосы</comment>
  <comment xml:lang="ko">MP3 오디오</comment>
  <comment xml:lang="lt">MP3 garso įrašas</comment>
  <comment xml:lang="lv">MP3 audio</comment>
  <comment xml:lang="ms">Audio MP3</comment>
  <comment xml:lang="nb">MP3-lyd</comment>
  <comment xml:lang="nl">MP3-audio</comment>
  <comment xml:lang="nn">MP3-lyd</comment>
  <comment xml:lang="oc">àudio MP3</comment>
  <comment xml:lang="pl">Plik dźwiękowy MP3</comment>
  <comment xml:lang="pt">áudio MP3</comment>
  <comment xml:lang="pt_BR">Áudio MP3</comment>
  <comment xml:lang="ro">Audio MP3</comment>
  <comment xml:lang="ru">аудио MP3</comment>
  <comment xml:lang="sk">Zvuk MP3</comment>
  <comment xml:lang="sl">Zvočna datoteka MP3</comment>
  <comment xml:lang="sq">Audio MP3</comment>
  <comment xml:lang="sr">МП3 звук</comment>
  <comment xml:lang="sv">MP3-ljud</comment>
  <comment xml:lang="tr">MP3 sesi</comment>
  <comment xml:lang="uk">звук MP3</comment>
  <comment xml:lang="vi">Âm thanh MP3</comment>
  <comment xml:lang="zh_CN">MP3 音频</comment>
  <comment xml:lang="zh_TW">MP3 音訊</comment>
  <alias type="audio/x-mp3"/>
  <alias type="audio/x-mpg"/>
  <alias type="audio/x-mpeg"/>
  <alias type="audio/mp3"/>
  <glob pattern="*.mp3"/>
  <glob pattern="*.mpga"/>
</mime-type>
