<?xml version="1.0" encoding="utf-8"?>
<mime-type xmlns="http://www.freedesktop.org/standards/shared-mime-info" type="audio/ogg">
  <!--Created automatically by update-mime-database. DO NOT EDIT!-->
  <comment>Ogg Audio</comment>
  <comment xml:lang="ar">Ogg سمعي</comment>
  <comment xml:lang="be@latin">Aŭdyjo Ogg</comment>
  <comment xml:lang="bg">Аудио — Ogg</comment>
  <comment xml:lang="ca">àudio d'Ogg</comment>
  <comment xml:lang="cs">zvuk Ogg</comment>
  <comment xml:lang="da">Ogg-lyd</comment>
  <comment xml:lang="de">Ogg-Audio</comment>
  <comment xml:lang="el">Ήχος Ogg</comment>
  <comment xml:lang="en_GB">Ogg Audio</comment>
  <comment xml:lang="es">sonido Ogg</comment>
  <comment xml:lang="eu">Ogg audioa</comment>
  <comment xml:lang="fi">Ogg-ääni</comment>
  <comment xml:lang="fo">Ogg ljóður</comment>
  <comment xml:lang="fr">audio Ogg</comment>
  <comment xml:lang="ga">fuaim Ogg</comment>
  <comment xml:lang="gl">son Ogg</comment>
  <comment xml:lang="he">שמע Ogg</comment>
  <comment xml:lang="hr">Ogg zvučni zapis</comment>
  <comment xml:lang="hu">Ogg hang</comment>
  <comment xml:lang="ia">Audio Ogg</comment>
  <comment xml:lang="id">Audio Ogg</comment>
  <comment xml:lang="it">Audio Ogg</comment>
  <comment xml:lang="ja">Ogg オーディオ</comment>
  <comment xml:lang="ka">Ogg-ის აუდიო</comment>
  <comment xml:lang="kk">Ogg аудиосы</comment>
  <comment xml:lang="ko">Ogg 오디오</comment>
  <comment xml:lang="lt">Ogg garso įrašas</comment>
  <comment xml:lang="lv">Ogg audio</comment>
  <comment xml:lang="nb">Ogg lyd</comment>
  <comment xml:lang="nl">Ogg-audio</comment>
  <comment xml:lang="nn">Ogg-lyd</comment>
  <comment xml:lang="oc">àudio Ogg</comment>
  <comment xml:lang="pl">Plik dźwiękowy Ogg</comment>
  <comment xml:lang="pt">áudio Ogg</comment>
  <comment xml:lang="pt_BR">Áudio Ogg</comment>
  <comment xml:lang="ro">Audio Ogg</comment>
  <comment xml:lang="ru">аудио Ogg</comment>
  <comment xml:lang="sk">Zvuk Ogg</comment>
  <comment xml:lang="sl">Zvočna datoteka Ogg</comment>
  <comment xml:lang="sq">Audio Ogg</comment>
  <comment xml:lang="sr">Огг звук</comment>
  <comment xml:lang="sv">Ogg-ljud</comment>
  <comment xml:lang="tr">Ogg Sesi</comment>
  <comment xml:lang="uk">звук ogg</comment>
  <comment xml:lang="vi">Âm thanh Ogg</comment>
  <comment xml:lang="zh_CN">Ogg 音频</comment>
  <comment xml:lang="zh_TW">Ogg 音訊</comment>
  <sub-class-of type="application/ogg"/>
  <glob pattern="*.oga"/>
  <glob pattern="*.ogg"/>
  <glob pattern="*.opus"/>
  <alias type="audio/x-ogg"/>
</mime-type>
