<?xml version="1.0" encoding="utf-8"?>
<mime-type xmlns="http://www.freedesktop.org/standards/shared-mime-info" type="audio/vnd.rn-realaudio">
  <!--Created automatically by update-mime-database. DO NOT EDIT!-->
  <comment>RealAudio document</comment>
  <comment xml:lang="ar">مستند RealAudio</comment>
  <comment xml:lang="be@latin">Dakument RealAudio</comment>
  <comment xml:lang="bg">Документ — RealAudio</comment>
  <comment xml:lang="ca">document RealAudio</comment>
  <comment xml:lang="cs">dokument RealAudio</comment>
  <comment xml:lang="da">RealAudio-dokument</comment>
  <comment xml:lang="de">RealAudio-Dokument</comment>
  <comment xml:lang="el">Έγγραφο RealAudio</comment>
  <comment xml:lang="en_GB">RealAudio document</comment>
  <comment xml:lang="eo">RealAudio-dokumento</comment>
  <comment xml:lang="es">documento RealAudio</comment>
  <comment xml:lang="eu">RealAudio dokumentua</comment>
  <comment xml:lang="fi">RealAudio-asiakirja</comment>
  <comment xml:lang="fo">RealAudio skjal</comment>
  <comment xml:lang="fr">document RealAudio</comment>
  <comment xml:lang="ga">cáipéis RealAudio</comment>
  <comment xml:lang="gl">documento Realson</comment>
  <comment xml:lang="he">מסמך של RealAudio</comment>
  <comment xml:lang="hr">RealAudio dokument</comment>
  <comment xml:lang="hu">RealAudio dokumentum</comment>
  <comment xml:lang="ia">Documento RealAudio</comment>
  <comment xml:lang="id">Dokumen RealAudio</comment>
  <comment xml:lang="it">Documento RealAudio</comment>
  <comment xml:lang="ja">RealAudio ドキュメント</comment>
  <comment xml:lang="kk">RealAudio құжаты</comment>
  <comment xml:lang="ko">RealAudio 문서</comment>
  <comment xml:lang="lt">RealAudio dokumentas</comment>
  <comment xml:lang="lv">RealAudio dokuments</comment>
  <comment xml:lang="nb">RealAudio-dokument</comment>
  <comment xml:lang="nl">RealAudio-document</comment>
  <comment xml:lang="nn">RealAudio-dokument</comment>
  <comment xml:lang="oc">document RealAudio</comment>
  <comment xml:lang="pl">Dokument RealAudio</comment>
  <comment xml:lang="pt">documento RealAudio</comment>
  <comment xml:lang="pt_BR">Documento RealAudio</comment>
  <comment xml:lang="ro">Document RealAudio</comment>
  <comment xml:lang="ru">документ RealAudio</comment>
  <comment xml:lang="sk">Dokument RealAudio</comment>
  <comment xml:lang="sl">Dokument RealAudio</comment>
  <comment xml:lang="sq">Dokument RealAudio</comment>
  <comment xml:lang="sr">документ Рил Аудиа</comment>
  <comment xml:lang="sv">RealAudio-dokument</comment>
  <comment xml:lang="tr">RealAudio belgesi</comment>
  <comment xml:lang="uk">документ RealAudio</comment>
  <comment xml:lang="vi">Tài liệu âm thanh RealAudio</comment>
  <comment xml:lang="zh_CN">RealAudio 文档</comment>
  <comment xml:lang="zh_TW">RealAudio 文件</comment>
  <glob pattern="*.ra"/>
  <glob pattern="*.rax"/>
  <alias type="audio/x-pn-realaudio"/>
  <alias type="audio/vnd.m-realaudio"/>
</mime-type>
