<?xml version="1.0" encoding="utf-8"?>
<mime-type xmlns="http://www.freedesktop.org/standards/shared-mime-info" type="audio/vnd.dts.hd">
  <!--Created automatically by update-mime-database. DO NOT EDIT!-->
  <comment>DTSHD audio</comment>
  <comment xml:lang="ca">àudio DTSHD</comment>
  <comment xml:lang="cs">zvuk DTSHD</comment>
  <comment xml:lang="da">DTSDH-lyd</comment>
  <comment xml:lang="de">DTSHD-Audio</comment>
  <comment xml:lang="el">Ήχος DTSHD</comment>
  <comment xml:lang="en_GB">DTSHD audio</comment>
  <comment xml:lang="es">sonido DTSHD</comment>
  <comment xml:lang="eu">DTSHD audioa</comment>
  <comment xml:lang="fi">DTS-HD-ääni</comment>
  <comment xml:lang="fr">audio DTSHD</comment>
  <comment xml:lang="gl">Son DTSHD</comment>
  <comment xml:lang="he">שמע DTSHD</comment>
  <comment xml:lang="hr">DTSHD zvučni zapis</comment>
  <comment xml:lang="hu">DTSHD hang</comment>
  <comment xml:lang="ia">Audio DTSHD</comment>
  <comment xml:lang="id">Audio DTSHD</comment>
  <comment xml:lang="it">Audio DTSHD</comment>
  <comment xml:lang="ja">DTSHD オーディオ</comment>
  <comment xml:lang="kk">DTSHD аудиосы</comment>
  <comment xml:lang="ko">DTSHD 오디오</comment>
  <comment xml:lang="lv">DTSHD audio</comment>
  <comment xml:lang="oc">àudio DTSHD</comment>
  <comment xml:lang="pl">Dźwięk DTSHD</comment>
  <comment xml:lang="pt">áudio DTSHD</comment>
  <comment xml:lang="pt_BR">Áudio DTSHD</comment>
  <comment xml:lang="ru">аудио DTSHD</comment>
  <comment xml:lang="sk">Zvuk DTSHD</comment>
  <comment xml:lang="sl">Zvok DTSHD</comment>
  <comment xml:lang="sr">ДТСХД звук</comment>
  <comment xml:lang="sv">DTSHD-ljud</comment>
  <comment xml:lang="tr">DTSHD sesi</comment>
  <comment xml:lang="uk">звукові дані DTSHD</comment>
  <comment xml:lang="zh_CN">DTSHD 音频</comment>
  <comment xml:lang="zh_TW">DTSHD 音訊</comment>
  <sub-class-of type="audio/vnd.dts"/>
  <alias type="audio/x-dtshd"/>
  <glob pattern="*.dtshd"/>
</mime-type>
