<?xml version="1.0" encoding="utf-8"?>
<mime-type xmlns="http://www.freedesktop.org/standards/shared-mime-info" type="audio/x-ape">
  <!--Created automatically by update-mime-database. DO NOT EDIT!-->
  <comment>Monkey's audio</comment>
  <comment xml:lang="ar">Monkey سمعي</comment>
  <comment xml:lang="be@latin">Aŭdyjo Monkey's</comment>
  <comment xml:lang="bg">Аудио — Monkey</comment>
  <comment xml:lang="ca">àudio de Monkey</comment>
  <comment xml:lang="cs">zvuk Monkey's</comment>
  <comment xml:lang="da">Monkeys lyd</comment>
  <comment xml:lang="de">Monkey's-Audio</comment>
  <comment xml:lang="el">Ήχος Monkey's</comment>
  <comment xml:lang="en_GB">Monkey's audio</comment>
  <comment xml:lang="es">sonido de Monkey</comment>
  <comment xml:lang="eu">Monkey audioa</comment>
  <comment xml:lang="fi">Monkey's Audio -ääni</comment>
  <comment xml:lang="fo">Monkey's ljóður</comment>
  <comment xml:lang="fr">audio Monkey</comment>
  <comment xml:lang="ga">fuaim Monkey's</comment>
  <comment xml:lang="gl">son de Monkey</comment>
  <comment xml:lang="he">שמע של Monkey's</comment>
  <comment xml:lang="hr">Monkey zvučni zapis</comment>
  <comment xml:lang="hu">Monkey hang</comment>
  <comment xml:lang="ia">Audio Monkey's</comment>
  <comment xml:lang="id">Audio Monkey</comment>
  <comment xml:lang="it">Audio Monkey's</comment>
  <comment xml:lang="ja">Monkey's オーディオ</comment>
  <comment xml:lang="kk">Monkey аудиосы</comment>
  <comment xml:lang="ko">Monkey's 오디오</comment>
  <comment xml:lang="lt">Monkey garso įrašas</comment>
  <comment xml:lang="lv">Monkey's audio</comment>
  <comment xml:lang="nb">Monkey's-lyd</comment>
  <comment xml:lang="nl">Monkey's-audio</comment>
  <comment xml:lang="nn">Monkey's Audio-lyd</comment>
  <comment xml:lang="oc">àudio Monkey</comment>
  <comment xml:lang="pl">Plik dźwiękowy Monkey's Audio</comment>
  <comment xml:lang="pt">áudio Monkey</comment>
  <comment xml:lang="pt_BR">Áudio Monkey's</comment>
  <comment xml:lang="ro">Audio Monkey's</comment>
  <comment xml:lang="ru">аудио Monkey's</comment>
  <comment xml:lang="sk">Zvuk Monkey's</comment>
  <comment xml:lang="sl">Zvočna datoteka Monkey</comment>
  <comment xml:lang="sq">Audio Monkey's</comment>
  <comment xml:lang="sr">Монкијев звук</comment>
  <comment xml:lang="sv">Monkey's audio</comment>
  <comment xml:lang="tr">Monkey's sesi</comment>
  <comment xml:lang="uk">звук Monkey's</comment>
  <comment xml:lang="vi">Âm thanh cua Monkey</comment>
  <comment xml:lang="zh_CN">Monkey's audio 音频</comment>
  <comment xml:lang="zh_TW">Monkey's 音訊</comment>
  <glob pattern="*.ape"/>
</mime-type>
