<?xml version="1.0" encoding="utf-8"?>
<mime-type xmlns="http://www.freedesktop.org/standards/shared-mime-info" type="audio/x-iriver-pla">
  <!--Created automatically by update-mime-database. DO NOT EDIT!-->
  <comment>iRiver Playlist</comment>
  <comment xml:lang="ar">قائمة تشغيل iRiver</comment>
  <comment xml:lang="be@latin">Śpis piesień iRiver</comment>
  <comment xml:lang="bg">Списък за изпълнение — iRiver</comment>
  <comment xml:lang="ca">llista de reproducció iRiver</comment>
  <comment xml:lang="cs">seznam k přehrání iRiver</comment>
  <comment xml:lang="da">iRiver-afspilningsliste</comment>
  <comment xml:lang="de">iRiver-Wiedergabeliste</comment>
  <comment xml:lang="el">Λίστα αναπαραγωγής iRiver</comment>
  <comment xml:lang="en_GB">iRiver Playlist</comment>
  <comment xml:lang="eo">iRiver-ludlisto</comment>
  <comment xml:lang="es">lista de reproducción de iRiver</comment>
  <comment xml:lang="eu">iRiver erreprodukzio-zerrenda</comment>
  <comment xml:lang="fi">iRiver-soittolista</comment>
  <comment xml:lang="fo">iRiver avspælingarlisti</comment>
  <comment xml:lang="fr">liste de lecture iRiver</comment>
  <comment xml:lang="ga">seinmliosta iRiver</comment>
  <comment xml:lang="gl">lista de reprodución de iRiver</comment>
  <comment xml:lang="he">רשימת נגינה של iRiver</comment>
  <comment xml:lang="hr">iRiver popis za reprodukciju</comment>
  <comment xml:lang="hu">iRiver lejátszólista</comment>
  <comment xml:lang="ia">Lista de selection iRiver</comment>
  <comment xml:lang="id">iRiver Playlist</comment>
  <comment xml:lang="it">Playlist iRiver</comment>
  <comment xml:lang="ja">iRiver 再生リスト</comment>
  <comment xml:lang="kk">iRiver ойнау тізімі</comment>
  <comment xml:lang="ko">iRiver 재생 목록</comment>
  <comment xml:lang="lt">iRiver grojaraštis</comment>
  <comment xml:lang="lv">iRiver repertuārs</comment>
  <comment xml:lang="nb">iRiver-spilleliste</comment>
  <comment xml:lang="nl">iRiver-afspeellijst</comment>
  <comment xml:lang="nn">iRiver speleliste</comment>
  <comment xml:lang="oc">lista de lectura iRiver</comment>
  <comment xml:lang="pl">Lista odtwarzania iRiver</comment>
  <comment xml:lang="pt">lista de reprodução iRiver</comment>
  <comment xml:lang="pt_BR">Lista de reprodução do iRiver</comment>
  <comment xml:lang="ro">Listă iRiver</comment>
  <comment xml:lang="ru">список воспроизведения iRiver</comment>
  <comment xml:lang="sk">Zoznam skladieb iRiver</comment>
  <comment xml:lang="sl">Seznam predvajanja iRiver</comment>
  <comment xml:lang="sq">Listë titujsh iRiver</comment>
  <comment xml:lang="sr">иРивер списак нумера</comment>
  <comment xml:lang="sv">iRiver-spellista</comment>
  <comment xml:lang="tr">iRiver Çalma Listesini</comment>
  <comment xml:lang="uk">список програвання iRiver</comment>
  <comment xml:lang="vi">danh mục nhạc iRiver</comment>
  <comment xml:lang="zh_CN">iRiver 播放列表</comment>
  <comment xml:lang="zh_TW">iRiver 播放清單</comment>
  <glob pattern="*.pla"/>
</mime-type>
