<?xml version="1.0" encoding="utf-8"?>
<mime-type xmlns="http://www.freedesktop.org/standards/shared-mime-info" type="audio/x-matroska">
  <!--Created automatically by update-mime-database. DO NOT EDIT!-->
  <comment>Matroska audio</comment>
  <comment xml:lang="ar">سمعي Matroska</comment>
  <comment xml:lang="be@latin">Aŭdyjo Matroska</comment>
  <comment xml:lang="bg">Аудио — Matroska</comment>
  <comment xml:lang="ca">àudio de Matroska</comment>
  <comment xml:lang="cs">zvuk Matroska</comment>
  <comment xml:lang="da">Matroskalyd</comment>
  <comment xml:lang="de">Matroska-Audio</comment>
  <comment xml:lang="el">Ήχος Matroska</comment>
  <comment xml:lang="en_GB">Matroska audio</comment>
  <comment xml:lang="eo">Matroska-sondosiero</comment>
  <comment xml:lang="es">sonido Matroska</comment>
  <comment xml:lang="eu">Matroska audioa</comment>
  <comment xml:lang="fi">Matroska-ääni</comment>
  <comment xml:lang="fo">Matroska ljóður</comment>
  <comment xml:lang="fr">audio Matroska</comment>
  <comment xml:lang="ga">fuaim Matroska</comment>
  <comment xml:lang="gl">son de Matroska</comment>
  <comment xml:lang="he">שמע Matroska</comment>
  <comment xml:lang="hr">Matroska audio</comment>
  <comment xml:lang="hu">Matroska hang</comment>
  <comment xml:lang="ia">Audio Matroska</comment>
  <comment xml:lang="id">Audio Matroska</comment>
  <comment xml:lang="it">Audio Matroska</comment>
  <comment xml:lang="ja">Matroska オーディオ</comment>
  <comment xml:lang="ka">Matroska-ის აუდიო</comment>
  <comment xml:lang="kk">Matroska аудиосы</comment>
  <comment xml:lang="ko">Matroska 오디오</comment>
  <comment xml:lang="lt">Matroska garso įrašas</comment>
  <comment xml:lang="lv">Matroska audio</comment>
  <comment xml:lang="nb">Matroska-lyd</comment>
  <comment xml:lang="nl">Matroska-audio</comment>
  <comment xml:lang="nn">Matroska-lyd</comment>
  <comment xml:lang="oc">àudio Matroska</comment>
  <comment xml:lang="pl">Plik dźwiękowy Matroska</comment>
  <comment xml:lang="pt">áudio Matroska</comment>
  <comment xml:lang="pt_BR">Áudio Matroska</comment>
  <comment xml:lang="ro">Audio Matroska</comment>
  <comment xml:lang="ru">аудио Matroska</comment>
  <comment xml:lang="sk">Zvuk Matroska</comment>
  <comment xml:lang="sl">Zvočna datoteka Matroska</comment>
  <comment xml:lang="sq">Audio Matroska</comment>
  <comment xml:lang="sr">Матрошкин звук</comment>
  <comment xml:lang="sv">Matroska-ljud</comment>
  <comment xml:lang="tr">Matroska ses</comment>
  <comment xml:lang="uk">звук Matroska</comment>
  <comment xml:lang="vi">Âm thanh Matroska</comment>
  <comment xml:lang="zh_CN">Matroska 音频</comment>
  <comment xml:lang="zh_TW">Matroska 音訊</comment>
  <glob pattern="*.mka"/>
  <sub-class-of type="application/x-matroska"/>
</mime-type>
