<?xml version="1.0" encoding="utf-8"?>
<mime-type xmlns="http://www.freedesktop.org/standards/shared-mime-info" type="audio/x-mo3">
  <!--Created automatically by update-mime-database. DO NOT EDIT!-->
  <comment>compressed Tracker audio</comment>
  <comment xml:lang="ar">Tracker سمعي مضغوط</comment>
  <comment xml:lang="be@latin">aŭdyjo skampresavanaha Trackera</comment>
  <comment xml:lang="bg">Аудио — Tracker, компресирано</comment>
  <comment xml:lang="ca">àudio Tracker amb compressió</comment>
  <comment xml:lang="cs">komprimovaný zvuk Tracker</comment>
  <comment xml:lang="da">Trackerkomprimeret lyd</comment>
  <comment xml:lang="de">Komprimiertes Tracker-Audio</comment>
  <comment xml:lang="el">Συμπιεσμένος ήχος Tracker</comment>
  <comment xml:lang="en_GB">compressed Tracker audio</comment>
  <comment xml:lang="es">sonido de Tracker comprimido</comment>
  <comment xml:lang="eu">konprimitutako Tracker audioa</comment>
  <comment xml:lang="fi">pakattu Tracker-ääni</comment>
  <comment xml:lang="fo">stappað Tracker ljóður</comment>
  <comment xml:lang="fr">audio Tracker compressé</comment>
  <comment xml:lang="ga">fuaim chomhbhrúite Tracker</comment>
  <comment xml:lang="gl">son comprimido de Tracker</comment>
  <comment xml:lang="he">שמע גשש מכווץ</comment>
  <comment xml:lang="hr">komprimirani Tracker audio</comment>
  <comment xml:lang="hu">tömörített Tracker hang</comment>
  <comment xml:lang="ia">Audio Tracker comprimite</comment>
  <comment xml:lang="id">audio Tracker terkompresi</comment>
  <comment xml:lang="it">Audio compresso Tracker</comment>
  <comment xml:lang="ja">圧縮 Tracker オーディオ</comment>
  <comment xml:lang="kk">сығылған Tracker аудиосы</comment>
  <comment xml:lang="ko">압축된 Tracker 오디오</comment>
  <comment xml:lang="lt">suglaudintas Tracker garso įrašas</comment>
  <comment xml:lang="lv">saspiests Tracker audio</comment>
  <comment xml:lang="nl">ingepakte Tracker-audio</comment>
  <comment xml:lang="nn">komprimert Tracker-lyd</comment>
  <comment xml:lang="oc">àudio Tracker compressat</comment>
  <comment xml:lang="pl">Skompresowany plik dźwiękowy Tracker</comment>
  <comment xml:lang="pt">áudio comprimido Tracker</comment>
  <comment xml:lang="pt_BR">Áudio Tracker compactado</comment>
  <comment xml:lang="ro">Tracker audio comprimat</comment>
  <comment xml:lang="ru">аудио Tracker (сжатое)</comment>
  <comment xml:lang="sk">Komprimovaný zvuk Tracker</comment>
  <comment xml:lang="sl">Skrčena zvočna datoteka Tracker</comment>
  <comment xml:lang="sq">Audio Tracker e kompresuar</comment>
  <comment xml:lang="sr">запаковани звук Пратиоца</comment>
  <comment xml:lang="sv">komprimerat Tracker-ljud</comment>
  <comment xml:lang="tr">sıkıştırılmış Tracker sesi</comment>
  <comment xml:lang="uk">стиснутий звук Tracker</comment>
  <comment xml:lang="vi">âm thanh Tracker đã nén</comment>
  <comment xml:lang="zh_CN">压缩的 Tracker 音频</comment>
  <comment xml:lang="zh_TW">壓縮版 Tracker 音訊</comment>
  <glob pattern="*.mo3"/>
</mime-type>
