<?xml version="1.0" encoding="utf-8"?>
<mime-type xmlns="http://www.freedesktop.org/standards/shared-mime-info" type="audio/x-opus+ogg">
  <!--Created automatically by update-mime-database. DO NOT EDIT!-->
  <comment>Opus audio</comment>
  <comment xml:lang="ca">àudio d'Opus</comment>
  <comment xml:lang="cs">zvuk Opus</comment>
  <comment xml:lang="da">Opus-lyd</comment>
  <comment xml:lang="de">Opus-Audio</comment>
  <comment xml:lang="el">Ήχος Opus </comment>
  <comment xml:lang="en_GB">Opus audio</comment>
  <comment xml:lang="es">sonido Opus</comment>
  <comment xml:lang="eu">Opus audioa</comment>
  <comment xml:lang="fi">Opus-ääni</comment>
  <comment xml:lang="fr">audio Opus</comment>
  <comment xml:lang="gl">Son Opus</comment>
  <comment xml:lang="he">שמע Opus</comment>
  <comment xml:lang="hr">Opus zvučni zapis</comment>
  <comment xml:lang="hu">Opus hang</comment>
  <comment xml:lang="ia">Audio Opus</comment>
  <comment xml:lang="id">Audio Opus</comment>
  <comment xml:lang="it">Audio Opus</comment>
  <comment xml:lang="kk">Opus аудиосы</comment>
  <comment xml:lang="ko">Opus 오디오</comment>
  <comment xml:lang="oc">àudio Opus</comment>
  <comment xml:lang="pl">Plik dźwiękowy Opus</comment>
  <comment xml:lang="pt">áudio Opus</comment>
  <comment xml:lang="pt_BR">Áudio Opus</comment>
  <comment xml:lang="ru">Аудио Opus</comment>
  <comment xml:lang="sk">Zvuk Opu</comment>
  <comment xml:lang="sl">Zvočna datoteka Opus</comment>
  <comment xml:lang="sr">Опус звук</comment>
  <comment xml:lang="sv">Opus-ljud</comment>
  <comment xml:lang="tr">Opus sesi</comment>
  <comment xml:lang="uk">звук Opus</comment>
  <comment xml:lang="zh_CN">Opus 音频</comment>
  <comment xml:lang="zh_TW">Opus 音訊</comment>
  <sub-class-of type="audio/ogg"/>
  <glob pattern="*.opus"/>
</mime-type>
