<?xml version="1.0" encoding="utf-8"?>
<mime-type xmlns="http://www.freedesktop.org/standards/shared-mime-info" type="audio/x-psf">
  <!--Created automatically by update-mime-database. DO NOT EDIT!-->
  <comment>PSF audio</comment>
  <comment xml:lang="ar">PSF سمعي</comment>
  <comment xml:lang="be@latin">Aŭdyjo PSF</comment>
  <comment xml:lang="bg">Аудио — PSF</comment>
  <comment xml:lang="ca">àudio PSF</comment>
  <comment xml:lang="cs">zvuk PSF</comment>
  <comment xml:lang="da">PSF-lyd</comment>
  <comment xml:lang="de">PSF-Audio</comment>
  <comment xml:lang="el">Ήχος PSF</comment>
  <comment xml:lang="en_GB">PSF audio</comment>
  <comment xml:lang="eo">PSF-sondosiero</comment>
  <comment xml:lang="es">sonido PSF</comment>
  <comment xml:lang="eu">PSF audioa</comment>
  <comment xml:lang="fi">PSF-ääni</comment>
  <comment xml:lang="fo">PSF ljóður</comment>
  <comment xml:lang="fr">audio PSF</comment>
  <comment xml:lang="ga">fuaim PSF</comment>
  <comment xml:lang="gl">son PSF</comment>
  <comment xml:lang="he">שמע PSF</comment>
  <comment xml:lang="hr">PSF zvučni zapis</comment>
  <comment xml:lang="hu">PSF hang</comment>
  <comment xml:lang="ia">Audio PSF</comment>
  <comment xml:lang="id">Audio PSF</comment>
  <comment xml:lang="it">Audio PSF</comment>
  <comment xml:lang="ja">PSF オーディオ</comment>
  <comment xml:lang="kk">PSF аудиосы</comment>
  <comment xml:lang="ko">PSF 오디오</comment>
  <comment xml:lang="lt">PSF garso įrašas</comment>
  <comment xml:lang="lv">PSF audio</comment>
  <comment xml:lang="nb">PSF-lyd</comment>
  <comment xml:lang="nl">PSF-audio</comment>
  <comment xml:lang="nn">PSF-lyd</comment>
  <comment xml:lang="oc">àudio PSF</comment>
  <comment xml:lang="pl">Plik dźwiękowy PSF</comment>
  <comment xml:lang="pt">áudio PSF</comment>
  <comment xml:lang="pt_BR">Áudio PSF</comment>
  <comment xml:lang="ro">Audio PSF</comment>
  <comment xml:lang="ru">аудио PSF</comment>
  <comment xml:lang="sk">Zvuk PSF</comment>
  <comment xml:lang="sl">Zvočna datoteka PSF</comment>
  <comment xml:lang="sq">Audio PSF</comment>
  <comment xml:lang="sr">ПСФ звук</comment>
  <comment xml:lang="sv">PSF-ljud</comment>
  <comment xml:lang="tr">PSF sesi</comment>
  <comment xml:lang="uk">звук PSF</comment>
  <comment xml:lang="vi">Âm thanh PSF</comment>
  <comment xml:lang="zh_CN">PSF 音频</comment>
  <comment xml:lang="zh_TW">PSF 音訊</comment>
  <acronym>PSF</acronym>
  <expanded-acronym>Portable Sound Format</expanded-acronym>
  <glob pattern="*.psf"/>
</mime-type>
