<?xml version="1.0" encoding="utf-8"?>
<mime-type xmlns="http://www.freedesktop.org/standards/shared-mime-info" type="audio/x-speex">
  <!--Created automatically by update-mime-database. DO NOT EDIT!-->
  <comment>Speex audio</comment>
  <comment xml:lang="ar">Speex سمعي</comment>
  <comment xml:lang="be@latin">Aŭdyjo Speex</comment>
  <comment xml:lang="bg">Аудио — Speex</comment>
  <comment xml:lang="ca">àudio de Speex</comment>
  <comment xml:lang="cs">zvuk Speex</comment>
  <comment xml:lang="da">Speexlyd</comment>
  <comment xml:lang="de">Speex-Audio</comment>
  <comment xml:lang="el">Ήχος Speex</comment>
  <comment xml:lang="en_GB">Speex audio</comment>
  <comment xml:lang="es">sonido Speex</comment>
  <comment xml:lang="eu">Speex audioa</comment>
  <comment xml:lang="fi">Speex-ääni</comment>
  <comment xml:lang="fo">Speex ljóður</comment>
  <comment xml:lang="fr">audio Speex</comment>
  <comment xml:lang="ga">fuaim Speex</comment>
  <comment xml:lang="gl">son Speex</comment>
  <comment xml:lang="he">שמע של Speex</comment>
  <comment xml:lang="hr">Speex audio</comment>
  <comment xml:lang="hu">Speex hang</comment>
  <comment xml:lang="ia">Audio Speex</comment>
  <comment xml:lang="id">Audio Speex</comment>
  <comment xml:lang="it">Audio Speex</comment>
  <comment xml:lang="ja">Speex オーディオ</comment>
  <comment xml:lang="kk">Speex аудиосы</comment>
  <comment xml:lang="ko">Speex 오디오</comment>
  <comment xml:lang="lt">Speex garso įrašas</comment>
  <comment xml:lang="lv">Speex audio</comment>
  <comment xml:lang="nb">Speex lyd</comment>
  <comment xml:lang="nl">Speex-audio</comment>
  <comment xml:lang="nn">Speex-lyd</comment>
  <comment xml:lang="oc">àudio Speex</comment>
  <comment xml:lang="pl">Plik dźwiękowy Speex</comment>
  <comment xml:lang="pt">áudio Speex</comment>
  <comment xml:lang="pt_BR">Áudio Speex</comment>
  <comment xml:lang="ro">Audio Speex</comment>
  <comment xml:lang="ru">аудио Speex</comment>
  <comment xml:lang="sk">Zvuk Speex</comment>
  <comment xml:lang="sl">Zvočna datoteka Speex</comment>
  <comment xml:lang="sq">Audio Speex</comment>
  <comment xml:lang="sr">Спикс звук</comment>
  <comment xml:lang="sv">Speex-ljud</comment>
  <comment xml:lang="tr">Speex sesi</comment>
  <comment xml:lang="uk">звук Speex</comment>
  <comment xml:lang="vi">Âm thanh Speex</comment>
  <comment xml:lang="zh_CN">Speex 音频</comment>
  <comment xml:lang="zh_TW">Speex 音訊</comment>
  <glob pattern="*.spx"/>
</mime-type>
