<?xml version="1.0" encoding="utf-8"?>
<mime-type xmlns="http://www.freedesktop.org/standards/shared-mime-info" type="audio/x-xi">
  <!--Created automatically by update-mime-database. DO NOT EDIT!-->
  <comment>Scream Tracker instrument</comment>
  <comment xml:lang="ar">آلة Scream Tracker</comment>
  <comment xml:lang="az">Scream Tracker instrumenti</comment>
  <comment xml:lang="be@latin">Instrument Scream Tracker</comment>
  <comment xml:lang="bg">Инструмент — Scream Tracker</comment>
  <comment xml:lang="ca">instrument de Scream Tracker</comment>
  <comment xml:lang="cs">nástroj pro Scream Tracker</comment>
  <comment xml:lang="cy">Offeryn Scream Tracker</comment>
  <comment xml:lang="da">Scream Tracker-instrument</comment>
  <comment xml:lang="de">Scream-Tracker-Instrument</comment>
  <comment xml:lang="el">Μουσικό όργανο Scream Tracker</comment>
  <comment xml:lang="en_GB">Scream Tracker instrument</comment>
  <comment xml:lang="eo">instrumento de Scream Tracker</comment>
  <comment xml:lang="es">instrumento Scream Tracker</comment>
  <comment xml:lang="eu">Scream Tracker instrumentua</comment>
  <comment xml:lang="fi">Scream Tracker -soitin</comment>
  <comment xml:lang="fo">Scream Tracker ljóðføri</comment>
  <comment xml:lang="fr">instrument Scream Tracker</comment>
  <comment xml:lang="ga">ionstraim Scream Tracker</comment>
  <comment xml:lang="gl">Instrumento Scream Tracker</comment>
  <comment xml:lang="he">כלי של Scream Tracker</comment>
  <comment xml:lang="hr">Scream Tracker instrument</comment>
  <comment xml:lang="hu">Scream Tracker hangszer</comment>
  <comment xml:lang="ia">Instrumento Scream Tracker</comment>
  <comment xml:lang="id">Instrumen Scream Tracker</comment>
  <comment xml:lang="it">Strumento Scream Tracker</comment>
  <comment xml:lang="ja">Scream Tracker インストゥルメント</comment>
  <comment xml:lang="kk">Scream Tracker сайманы</comment>
  <comment xml:lang="ko">Scream Tracker 악기</comment>
  <comment xml:lang="lt">Scream Tracker instrumentas</comment>
  <comment xml:lang="lv">Scream Tracker instrumenti</comment>
  <comment xml:lang="ms">Instrumen Scream Tracker</comment>
  <comment xml:lang="nb">Scream Tracker-instrument</comment>
  <comment xml:lang="nl">Scream Tracker-instrument</comment>
  <comment xml:lang="nn">Scream Tracker instrument</comment>
  <comment xml:lang="oc">instrument Scream Tracker</comment>
  <comment xml:lang="pl">Instrument Scream Tracker</comment>
  <comment xml:lang="pt">instrumento Scream Tracker</comment>
  <comment xml:lang="pt_BR">Instrumento Scream Tracker</comment>
  <comment xml:lang="ro">Instrument Scream Tracker</comment>
  <comment xml:lang="ru">инструмент Scream Tracker</comment>
  <comment xml:lang="sk">Nástroj pre Scream Tracker</comment>
  <comment xml:lang="sl">Datoteka zvoka glasbila Scream Tracker</comment>
  <comment xml:lang="sq">Instrument Scream Tracker</comment>
  <comment xml:lang="sr">инструмент Скрим Тракера</comment>
  <comment xml:lang="sv">Scream Tracker-instrument</comment>
  <comment xml:lang="tr">Scream Tracker çalgısı</comment>
  <comment xml:lang="uk">інструмент Scream Tracker</comment>
  <comment xml:lang="vi">Nhạc khí Scream Tracker</comment>
  <comment xml:lang="zh_CN">Scream Tracker 乐器</comment>
  <comment xml:lang="zh_TW">Scream Tracker 樂器檔</comment>
  <glob pattern="*.xi"/>
</mime-type>
