<?xml version="1.0" encoding="utf-8"?>
<mime-type xmlns="http://www.freedesktop.org/standards/shared-mime-info" type="audio/x-xmf">
  <!--Created automatically by update-mime-database. DO NOT EDIT!-->
  <comment>XMF audio</comment>
  <comment xml:lang="ar">XMF سمعي</comment>
  <comment xml:lang="be@latin">Aŭdyjo XMF</comment>
  <comment xml:lang="bg">Аудио — XMF</comment>
  <comment xml:lang="ca">àudio XMF</comment>
  <comment xml:lang="cs">zvuk XMF</comment>
  <comment xml:lang="da">XMF-lyd</comment>
  <comment xml:lang="de">XMF-Audio</comment>
  <comment xml:lang="el">Ήχος XMF</comment>
  <comment xml:lang="en_GB">XMF audio</comment>
  <comment xml:lang="eo">XMF-sondosiero</comment>
  <comment xml:lang="es">sonido XMF</comment>
  <comment xml:lang="eu">XMF audioa</comment>
  <comment xml:lang="fi">XMF-ääni</comment>
  <comment xml:lang="fo">XMF ljóður</comment>
  <comment xml:lang="fr">audio XMF</comment>
  <comment xml:lang="ga">fuaim XMF</comment>
  <comment xml:lang="gl">son XMF</comment>
  <comment xml:lang="he">שמע XMF</comment>
  <comment xml:lang="hr">XMF audio</comment>
  <comment xml:lang="hu">XMF hang</comment>
  <comment xml:lang="ia">Audio XMF</comment>
  <comment xml:lang="id">Audio XMF</comment>
  <comment xml:lang="it">Audio XMF</comment>
  <comment xml:lang="ja">XMF オーディオ</comment>
  <comment xml:lang="kk">XMF аудиосы</comment>
  <comment xml:lang="ko">XMF 오디오</comment>
  <comment xml:lang="lt">XMF garso įrašas</comment>
  <comment xml:lang="lv">XMF audio</comment>
  <comment xml:lang="nb">XMF-lyd</comment>
  <comment xml:lang="nl">XMF-audio</comment>
  <comment xml:lang="nn">XMF-lyd</comment>
  <comment xml:lang="oc">àudio XMF</comment>
  <comment xml:lang="pl">Plik dźwiękowy XMF</comment>
  <comment xml:lang="pt">aúdio XMF</comment>
  <comment xml:lang="pt_BR">Áudio XMF</comment>
  <comment xml:lang="ro">Audio XMF</comment>
  <comment xml:lang="ru">аудио XMF</comment>
  <comment xml:lang="sk">Zvuk XMF</comment>
  <comment xml:lang="sl">Zvočna datoteka XMF</comment>
  <comment xml:lang="sq">Audio XMF</comment>
  <comment xml:lang="sr">ИксМФ звук</comment>
  <comment xml:lang="sv">XMF-ljud</comment>
  <comment xml:lang="tr">XMF sesi</comment>
  <comment xml:lang="uk">звук XMF</comment>
  <comment xml:lang="vi">Âm thanh XMF</comment>
  <comment xml:lang="zh_CN">XMF 音频</comment>
  <comment xml:lang="zh_TW">XMF 音訊</comment>
  <acronym>XMF</acronym>
  <expanded-acronym>eXtensible Music Format</expanded-acronym>
  <glob pattern="*.xmf"/>
  <alias type="audio/xmf"/>
  <alias type="audio/mobile-xmf"/>
</mime-type>
