<?xml version="1.0" encoding="utf-8"?>
<mime-type xmlns="http://www.freedesktop.org/standards/shared-mime-info" type="video/3gpp">
  <!--Created automatically by update-mime-database. DO NOT EDIT!-->
  <comment>3GPP multimedia file</comment>
  <comment xml:lang="ar">ملف وسائط متعددة 3GPP</comment>
  <comment xml:lang="be@latin">Multymedyjny fajł 3GPP</comment>
  <comment xml:lang="bg">Мултимедия — 3GPP</comment>
  <comment xml:lang="ca">fitxer multimèdia 3GPP</comment>
  <comment xml:lang="cs">multimediální soubor 3GPP</comment>
  <comment xml:lang="da">3GPP multimedie-fil</comment>
  <comment xml:lang="de">3GPP-Multimediadatei</comment>
  <comment xml:lang="el">Αρχείο πολυμέσων 3GPP</comment>
  <comment xml:lang="en_GB">3GPP multimedia file</comment>
  <comment xml:lang="es">archivo multimedia 3GPP</comment>
  <comment xml:lang="eu">3GPP multimediako fitxategia</comment>
  <comment xml:lang="fi">3GPP-multimediatiedosto</comment>
  <comment xml:lang="fo">3GGP margmiðlafíla</comment>
  <comment xml:lang="fr">fichier multimédia 3GPP</comment>
  <comment xml:lang="ga">comhad ilmheán 3GPP</comment>
  <comment xml:lang="gl">ficheiro multimedia 3GPP</comment>
  <comment xml:lang="he">קובץ מולטימדיה מסוג 3GPP</comment>
  <comment xml:lang="hr">3GPP multimedijska datoteka</comment>
  <comment xml:lang="hu">3GPP multimédiafájl</comment>
  <comment xml:lang="ia">File multimedial 3GPP</comment>
  <comment xml:lang="id">Berkas multimedia 3GPP</comment>
  <comment xml:lang="it">File multimediale 3GPP</comment>
  <comment xml:lang="ja">3GPP マルチメディアファイル</comment>
  <comment xml:lang="ka">3GPP მულტიმედიური ფაილი</comment>
  <comment xml:lang="kk">3GPP мультимедиялық файлы</comment>
  <comment xml:lang="ko">3GPP 멀티미디어 파일</comment>
  <comment xml:lang="lt">3GPP multimedijos failas</comment>
  <comment xml:lang="lv">3GPP multimediju datne</comment>
  <comment xml:lang="nb">3GPP-multimediafil</comment>
  <comment xml:lang="nl">3GPP-multimediabestand</comment>
  <comment xml:lang="nn">3GPP-multimediafil</comment>
  <comment xml:lang="oc">fichièr multimèdia 3GPP</comment>
  <comment xml:lang="pl">Plik multimedialny 3GPP</comment>
  <comment xml:lang="pt">ficheiro multimédia 3GPP</comment>
  <comment xml:lang="pt_BR">Arquivo multimídia 3GPP</comment>
  <comment xml:lang="ro">Fișier multimedia 3GPP</comment>
  <comment xml:lang="ru">мультимедийный файл 3GPP</comment>
  <comment xml:lang="sk">Súbor multimédií 3GPP</comment>
  <comment xml:lang="sl">Večpredstavnostna datoteka 3GPP</comment>
  <comment xml:lang="sq">File multimedial 3GPP</comment>
  <comment xml:lang="sr">3ГПП мултимедијална датотека</comment>
  <comment xml:lang="sv">3GPP-multimediafil</comment>
  <comment xml:lang="tr">3GPP multimedya dosyası</comment>
  <comment xml:lang="uk">файл мультимедійних даних 3GPP</comment>
  <comment xml:lang="vi">Tập tin đa phương tiện 3GPP</comment>
  <comment xml:lang="zh_CN">3GPP 多媒体文件</comment>
  <comment xml:lang="zh_TW">3GPP 多媒體檔案</comment>
  <acronym>3GPP</acronym>
  <expanded-acronym>3rd Generation Partnership Project</expanded-acronym>
  <sub-class-of type="video/mp4"/>
  <glob pattern="*.3gp"/>
  <glob pattern="*.3gpp"/>
  <glob pattern="*.3ga"/>
  <alias type="video/3gp"/>
  <alias type="audio/3gpp"/>
  <alias type="video/3gpp-encrypted"/>
  <alias type="audio/3gpp-encrypted"/>
  <alias type="audio/x-rn-3gpp-amr"/>
  <alias type="audio/x-rn-3gpp-amr-encrypted"/>
  <alias type="audio/x-rn-3gpp-amr-wb"/>
  <alias type="audio/x-rn-3gpp-amr-wb-encrypted"/>
</mime-type>
