<?xml version="1.0" encoding="utf-8"?>
<mime-type xmlns="http://www.freedesktop.org/standards/shared-mime-info" type="video/annodex">
  <!--Created automatically by update-mime-database. DO NOT EDIT!-->
  <comment>Annodex Video</comment>
  <comment xml:lang="ar">Annodex مرئي</comment>
  <comment xml:lang="bg">Видео — Annodex</comment>
  <comment xml:lang="ca">Annodex Video</comment>
  <comment xml:lang="cs">video Annodex</comment>
  <comment xml:lang="da">Annodexvideo</comment>
  <comment xml:lang="de">Annodex-Video</comment>
  <comment xml:lang="el">Βίντεο Annodex</comment>
  <comment xml:lang="en_GB">Annodex Video</comment>
  <comment xml:lang="eo">Annodex-video</comment>
  <comment xml:lang="es">vídeo Annodex</comment>
  <comment xml:lang="eu">Annodex bideoa</comment>
  <comment xml:lang="fi">Annodex-video</comment>
  <comment xml:lang="fo">Annodex video</comment>
  <comment xml:lang="fr">vidéo Annodex</comment>
  <comment xml:lang="ga">físeán Annodex</comment>
  <comment xml:lang="gl">vídeo de Annodex</comment>
  <comment xml:lang="he">וידאו Annodex</comment>
  <comment xml:lang="hr">Annodex Video</comment>
  <comment xml:lang="hu">Annodex videó</comment>
  <comment xml:lang="ia">Video Annodex</comment>
  <comment xml:lang="id">Video Annodex</comment>
  <comment xml:lang="it">Video Annodex</comment>
  <comment xml:lang="ja">Annodex 動画</comment>
  <comment xml:lang="ka">Annodex-ის ვიდეო</comment>
  <comment xml:lang="kk">Annodex видеосы</comment>
  <comment xml:lang="ko">Annodex 동영상</comment>
  <comment xml:lang="lt">Annodex vaizdo įrašas</comment>
  <comment xml:lang="lv">Annodex video</comment>
  <comment xml:lang="nl">Annodex Video</comment>
  <comment xml:lang="oc">vidèo Annodex</comment>
  <comment xml:lang="pl">Plik wideo Annodex</comment>
  <comment xml:lang="pt">vídeo Annodex</comment>
  <comment xml:lang="pt_BR">Vídeo Annodex</comment>
  <comment xml:lang="ro">Video Annodex</comment>
  <comment xml:lang="ru">видео Annodex</comment>
  <comment xml:lang="sk">Video Annodex</comment>
  <comment xml:lang="sl">Video datoteka Annodex</comment>
  <comment xml:lang="sr">Анодекс видео</comment>
  <comment xml:lang="sv">Annodex-video</comment>
  <comment xml:lang="tr">Annodex Video</comment>
  <comment xml:lang="uk">відеокліп Annodex</comment>
  <comment xml:lang="vi">Ảnh động Annodex</comment>
  <comment xml:lang="zh_CN">Annodex 视频</comment>
  <comment xml:lang="zh_TW">Annodex 視訊</comment>
  <sub-class-of type="application/annodex"/>
  <glob pattern="*.axv"/>
  <alias type="video/x-annodex"/>
</mime-type>
