<?xml version="1.0" encoding="utf-8"?>
<mime-type xmlns="http://www.freedesktop.org/standards/shared-mime-info" type="video/dv">
  <!--Created automatically by update-mime-database. DO NOT EDIT!-->
  <comment>DV video</comment>
  <comment xml:lang="ar">DV مرئي</comment>
  <comment xml:lang="be@latin">Videa DV</comment>
  <comment xml:lang="bg">Видео — DV</comment>
  <comment xml:lang="ca">vídeo DV</comment>
  <comment xml:lang="cs">video DV</comment>
  <comment xml:lang="da">DV-video</comment>
  <comment xml:lang="de">DV-Video</comment>
  <comment xml:lang="el">Βίντεο DV</comment>
  <comment xml:lang="en_GB">DV video</comment>
  <comment xml:lang="eo">DV-video</comment>
  <comment xml:lang="es">vídeo DV</comment>
  <comment xml:lang="eu">DV bideoa</comment>
  <comment xml:lang="fi">DV-video</comment>
  <comment xml:lang="fo">DV video</comment>
  <comment xml:lang="fr">vidéo DV</comment>
  <comment xml:lang="ga">físeán DV</comment>
  <comment xml:lang="gl">vídeo DV</comment>
  <comment xml:lang="he">וידאו DV</comment>
  <comment xml:lang="hr">DV video</comment>
  <comment xml:lang="hu">DV videó</comment>
  <comment xml:lang="ia">Video DV</comment>
  <comment xml:lang="id">Video DV</comment>
  <comment xml:lang="it">Video DV</comment>
  <comment xml:lang="ja">DV 動画</comment>
  <comment xml:lang="ka">DV ვიდეო</comment>
  <comment xml:lang="kk">DV видеосы</comment>
  <comment xml:lang="ko">DV 동영상</comment>
  <comment xml:lang="lt">DV vaizdo įrašas</comment>
  <comment xml:lang="lv">DV video</comment>
  <comment xml:lang="nb">DV-film</comment>
  <comment xml:lang="nl">DV-video</comment>
  <comment xml:lang="nn">DV-video</comment>
  <comment xml:lang="oc">vidèo DV</comment>
  <comment xml:lang="pl">Plik wideo DV</comment>
  <comment xml:lang="pt">vídeo DV</comment>
  <comment xml:lang="pt_BR">Vídeo DV</comment>
  <comment xml:lang="ro">Video DV</comment>
  <comment xml:lang="ru">видео DV</comment>
  <comment xml:lang="sk">Video DV</comment>
  <comment xml:lang="sl">Video datoteka DV</comment>
  <comment xml:lang="sq">Video DV</comment>
  <comment xml:lang="sr">ДВ видео</comment>
  <comment xml:lang="sv">DV-video</comment>
  <comment xml:lang="tr">DV video</comment>
  <comment xml:lang="uk">відеокліп DV</comment>
  <comment xml:lang="vi">Ảnh động DV</comment>
  <comment xml:lang="zh_CN">DV 视频</comment>
  <comment xml:lang="zh_TW">DV 視訊</comment>
  <acronym>DV</acronym>
  <expanded-acronym>Digital Video</expanded-acronym>
  <glob pattern="*.dv"/>
</mime-type>
