<?xml version="1.0" encoding="utf-8"?>
<mime-type xmlns="http://www.freedesktop.org/standards/shared-mime-info" type="video/ogg">
  <!--Created automatically by update-mime-database. DO NOT EDIT!-->
  <comment>Ogg Video</comment>
  <comment xml:lang="ar">Ogg مرئي</comment>
  <comment xml:lang="be@latin">Videa Ogg</comment>
  <comment xml:lang="bg">Видео — Ogg</comment>
  <comment xml:lang="ca">vídeo Ogg</comment>
  <comment xml:lang="cs">video Ogg</comment>
  <comment xml:lang="da">Ogg-video</comment>
  <comment xml:lang="de">Ogg-Video</comment>
  <comment xml:lang="el">Βίντεο Ogg</comment>
  <comment xml:lang="en_GB">Ogg Video</comment>
  <comment xml:lang="es">vídeo Ogg</comment>
  <comment xml:lang="eu">Ogg bideoa</comment>
  <comment xml:lang="fi">Ogg-video</comment>
  <comment xml:lang="fo">Ogg Video</comment>
  <comment xml:lang="fr">vidéo Ogg</comment>
  <comment xml:lang="ga">físeán Ogg</comment>
  <comment xml:lang="gl">vídeo Ogg</comment>
  <comment xml:lang="he">וידאו Ogg</comment>
  <comment xml:lang="hr">Ogg video snimka</comment>
  <comment xml:lang="hu">Ogg videó</comment>
  <comment xml:lang="ia">Video Ogg</comment>
  <comment xml:lang="id">Video Ogg</comment>
  <comment xml:lang="it">Video Ogg</comment>
  <comment xml:lang="ja">Ogg 動画</comment>
  <comment xml:lang="ka">Ogg ვიდეო</comment>
  <comment xml:lang="kk">Ogg видеосы</comment>
  <comment xml:lang="ko">Ogg 동영상</comment>
  <comment xml:lang="lt">Ogg vaizdo įrašas</comment>
  <comment xml:lang="lv">Ogg video</comment>
  <comment xml:lang="nb">Ogg video</comment>
  <comment xml:lang="nl">Ogg-video</comment>
  <comment xml:lang="nn">Ogg-video</comment>
  <comment xml:lang="oc">vidèo Ogg</comment>
  <comment xml:lang="pl">Plik wideo Ogg</comment>
  <comment xml:lang="pt">vídeo Ogg</comment>
  <comment xml:lang="pt_BR">Vídeo Ogg</comment>
  <comment xml:lang="ro">Video Ogg</comment>
  <comment xml:lang="ru">видео Ogg</comment>
  <comment xml:lang="sk">Video Ogg</comment>
  <comment xml:lang="sl">Video datoteka Ogg</comment>
  <comment xml:lang="sq">Video Ogg</comment>
  <comment xml:lang="sr">Огг снимак</comment>
  <comment xml:lang="sv">Ogg-video</comment>
  <comment xml:lang="tr">Ogg Video</comment>
  <comment xml:lang="uk">відеокліп ogg</comment>
  <comment xml:lang="vi">Ảnh động Ogg</comment>
  <comment xml:lang="zh_CN">Ogg 视频</comment>
  <comment xml:lang="zh_TW">Ogg 視訊</comment>
  <sub-class-of type="application/ogg"/>
  <glob pattern="*.ogv"/>
  <glob pattern="*.ogg"/>
  <alias type="video/x-ogg"/>
</mime-type>
