<?xml version="1.0" encoding="utf-8"?>
<mime-type xmlns="http://www.freedesktop.org/standards/shared-mime-info" type="video/vnd.rn-realvideo">
  <!--Created automatically by update-mime-database. DO NOT EDIT!-->
  <comment>RealVideo document</comment>
  <comment xml:lang="ar">مستند RealVideo</comment>
  <comment xml:lang="be@latin">Dakument RealVideo</comment>
  <comment xml:lang="bg">Документ — RealVideo</comment>
  <comment xml:lang="ca">document RealVideo</comment>
  <comment xml:lang="cs">dokument RealVideo</comment>
  <comment xml:lang="da">RealAudio-dokument</comment>
  <comment xml:lang="de">RealVideo-Dokument</comment>
  <comment xml:lang="el">Έγγραφο RealVideo</comment>
  <comment xml:lang="en_GB">RealVideo document</comment>
  <comment xml:lang="eo">RealVideo-dokumento</comment>
  <comment xml:lang="es">documento RealVideo</comment>
  <comment xml:lang="eu">RealVideo dokumentua</comment>
  <comment xml:lang="fi">RealVideo-asiakirja</comment>
  <comment xml:lang="fo">RealVideo skjal</comment>
  <comment xml:lang="fr">document RealVideo</comment>
  <comment xml:lang="ga">cáipéis RealVideo</comment>
  <comment xml:lang="gl">documento RealVideo</comment>
  <comment xml:lang="he">מסמך של RealVideo</comment>
  <comment xml:lang="hr">RealVideo dokument</comment>
  <comment xml:lang="hu">RealVideo dokumentum</comment>
  <comment xml:lang="ia">Documento RealVideo</comment>
  <comment xml:lang="id">Dokumen RealVideo</comment>
  <comment xml:lang="it">Documento RealVideo</comment>
  <comment xml:lang="ja">RealVideo ドキュメント</comment>
  <comment xml:lang="kk">RealVideo құжаты</comment>
  <comment xml:lang="ko">RealVideo 문서</comment>
  <comment xml:lang="lt">RealVideo dokumentas</comment>
  <comment xml:lang="lv">RealVideo dokuments</comment>
  <comment xml:lang="nb">RealAudio-dokument</comment>
  <comment xml:lang="nl">RealVideo-document</comment>
  <comment xml:lang="nn">RealVideo-dokument</comment>
  <comment xml:lang="oc">document RealVideo</comment>
  <comment xml:lang="pl">Dokument RealVideo</comment>
  <comment xml:lang="pt">documento RealVideo</comment>
  <comment xml:lang="pt_BR">Documento RealVideo</comment>
  <comment xml:lang="ro">Document RealVideo</comment>
  <comment xml:lang="ru">документ RealVideo</comment>
  <comment xml:lang="sk">Dokument RealVideo</comment>
  <comment xml:lang="sl">Video datoteka RealVideo</comment>
  <comment xml:lang="sq">Dokument RealVideo</comment>
  <comment xml:lang="sr">документ Рил Видеа</comment>
  <comment xml:lang="sv">RealVideo-dokument</comment>
  <comment xml:lang="tr">RealAudio belgesi</comment>
  <comment xml:lang="uk">документ RealVideo</comment>
  <comment xml:lang="vi">Tài liệu ảnh động RealVideo</comment>
  <comment xml:lang="zh_CN">RealAudio 文档</comment>
  <comment xml:lang="zh_TW">RealVideo 文件</comment>
  <glob pattern="*.rv"/>
  <glob pattern="*.rvx"/>
  <alias type="video/x-real-video"/>
</mime-type>
