<?xml version="1.0" encoding="utf-8"?>
<mime-type xmlns="http://www.freedesktop.org/standards/shared-mime-info" type="video/x-flv">
  <!--Created automatically by update-mime-database. DO NOT EDIT!-->
  <comment>Flash video</comment>
  <comment xml:lang="ar">Flash مرئي</comment>
  <comment xml:lang="be@latin">Videa Flash</comment>
  <comment xml:lang="bg">Видео — Flash</comment>
  <comment xml:lang="ca">vídeo de Flash</comment>
  <comment xml:lang="cs">video Flash</comment>
  <comment xml:lang="da">Flashvideo</comment>
  <comment xml:lang="de">Flash-Video</comment>
  <comment xml:lang="el">Βίντεο Flash</comment>
  <comment xml:lang="en_GB">Flash video</comment>
  <comment xml:lang="eo">Flash-video</comment>
  <comment xml:lang="es">vídeo Flash</comment>
  <comment xml:lang="eu">Flash bideoa</comment>
  <comment xml:lang="fi">Flash-video</comment>
  <comment xml:lang="fo">Flash video</comment>
  <comment xml:lang="fr">vidéo Flash</comment>
  <comment xml:lang="ga">físeán Flash</comment>
  <comment xml:lang="gl">vídeo Flash</comment>
  <comment xml:lang="he">וידאו של פלאש</comment>
  <comment xml:lang="hr">Flash video</comment>
  <comment xml:lang="hu">Flash videó</comment>
  <comment xml:lang="ia">Video Flash</comment>
  <comment xml:lang="id">Video Flash</comment>
  <comment xml:lang="it">Video Flash</comment>
  <comment xml:lang="ja">Flash 動画</comment>
  <comment xml:lang="ka">Flash-ის ვიდეო</comment>
  <comment xml:lang="kk">Flash видеосы</comment>
  <comment xml:lang="ko">Flash 동영상</comment>
  <comment xml:lang="lt">Flash vaizdo įrašas</comment>
  <comment xml:lang="lv">Flash video</comment>
  <comment xml:lang="nb">Flash-film</comment>
  <comment xml:lang="nl">Flash-video</comment>
  <comment xml:lang="nn">Flash-video</comment>
  <comment xml:lang="oc">vidèo Flash</comment>
  <comment xml:lang="pl">Plik wideo Flash</comment>
  <comment xml:lang="pt">vídeo Flash</comment>
  <comment xml:lang="pt_BR">Vídeo Flash</comment>
  <comment xml:lang="ro">Video Flash</comment>
  <comment xml:lang="ru">видео Flash</comment>
  <comment xml:lang="sk">Video Flash</comment>
  <comment xml:lang="sl">Video datoteka Flash</comment>
  <comment xml:lang="sq">Video Flash</comment>
  <comment xml:lang="sr">Флеш видео</comment>
  <comment xml:lang="sv">Flash-video</comment>
  <comment xml:lang="tr">Flash video</comment>
  <comment xml:lang="uk">відеокліп Flash</comment>
  <comment xml:lang="vi">Ảnh động Flash</comment>
  <comment xml:lang="zh_CN">Flash 影片</comment>
  <comment xml:lang="zh_TW">Flash 視訊</comment>
  <generic-icon name="video-x-generic"/>
  <glob pattern="*.flv"/>
  <alias type="application/x-flash-video"/>
  <alias type="flv-application/octet-stream"/>
  <alias type="video/flv"/>
</mime-type>
