<?xml version="1.0" encoding="utf-8"?>
<mime-type xmlns="http://www.freedesktop.org/standards/shared-mime-info" type="video/x-javafx">
  <!--Created automatically by update-mime-database. DO NOT EDIT!-->
  <comment>JavaFX video</comment>
  <comment xml:lang="bg">Видео — JavaFX</comment>
  <comment xml:lang="ca">vídeo de JavaFX</comment>
  <comment xml:lang="cs">video JavaFX</comment>
  <comment xml:lang="da">JavaFX-video</comment>
  <comment xml:lang="de">JavaFX-Video</comment>
  <comment xml:lang="el">Βίντεο JavaFX</comment>
  <comment xml:lang="en_GB">JavaFX video</comment>
  <comment xml:lang="eo">JavaFX-video</comment>
  <comment xml:lang="es">vídeo JavaFX</comment>
  <comment xml:lang="eu">JavaFX bideoa</comment>
  <comment xml:lang="fi">JavaFX-video</comment>
  <comment xml:lang="fo">JavaFX video</comment>
  <comment xml:lang="fr">vidéo JavaFX</comment>
  <comment xml:lang="ga">físeán JavaFX</comment>
  <comment xml:lang="gl">vídeo JavaFX</comment>
  <comment xml:lang="he">וידאו JavaFX</comment>
  <comment xml:lang="hr">JavaFX video</comment>
  <comment xml:lang="hu">JavaFX videó</comment>
  <comment xml:lang="ia">Video JavaFX</comment>
  <comment xml:lang="id">Video JavaFX</comment>
  <comment xml:lang="it">Video JavaFX</comment>
  <comment xml:lang="ja">JavaFX 動画</comment>
  <comment xml:lang="kk">JavaFX аудиосы</comment>
  <comment xml:lang="ko">JavaFX 동영상</comment>
  <comment xml:lang="lv">JavaFX video</comment>
  <comment xml:lang="nl">JavaFX video</comment>
  <comment xml:lang="oc">vidèo JavaFX</comment>
  <comment xml:lang="pl">Plik wideo JavaFX</comment>
  <comment xml:lang="pt">vídeo JavaFX</comment>
  <comment xml:lang="pt_BR">Vídeo JavaFX</comment>
  <comment xml:lang="ro">Video JavaFX</comment>
  <comment xml:lang="ru">видео JavaFX</comment>
  <comment xml:lang="sk">Video JavaFX</comment>
  <comment xml:lang="sl">Video JavaFX</comment>
  <comment xml:lang="sr">ЈаваФИкс видео</comment>
  <comment xml:lang="sv">JavaFX-video</comment>
  <comment xml:lang="tr">JavaFX video</comment>
  <comment xml:lang="uk">відеокліп JavaFX</comment>
  <comment xml:lang="zh_CN">JavaFX 视频</comment>
  <comment xml:lang="zh_TW">JavaFX 視訊</comment>
  <generic-icon name="video-x-generic"/>
  <glob pattern="*.fxm"/>
  <sub-class-of type="video/x-flv"/>
</mime-type>
