<?xml version="1.0" encoding="utf-8"?>
<mime-type xmlns="http://www.freedesktop.org/standards/shared-mime-info" type="video/x-matroska-3d">
  <!--Created automatically by update-mime-database. DO NOT EDIT!-->
  <comment>Matroska 3D video</comment>
  <comment xml:lang="ca">vídeo Matroska 3D</comment>
  <comment xml:lang="cs">3D video Matroska</comment>
  <comment xml:lang="da">Matroska 3D-video</comment>
  <comment xml:lang="de">Matroska 3D-Video</comment>
  <comment xml:lang="el">Βίντεο 3Δ Matroska</comment>
  <comment xml:lang="en_GB">Matroska 3D video</comment>
  <comment xml:lang="es">vídeo Matroska en 3D</comment>
  <comment xml:lang="eu">Matroska 3D bideoa</comment>
  <comment xml:lang="fi">Matroska 3D-video</comment>
  <comment xml:lang="fr">vidéo Matroska 3D</comment>
  <comment xml:lang="gl">Video Matroska 3D</comment>
  <comment xml:lang="he">סרטון תלת ממדי מסוג Matroska</comment>
  <comment xml:lang="hr">Matroška 3D video snimka</comment>
  <comment xml:lang="hu">Matroska 3D videó</comment>
  <comment xml:lang="ia">Video 3D Matroska</comment>
  <comment xml:lang="id">Video 3D Matroska</comment>
  <comment xml:lang="it">Video Matroska 3D</comment>
  <comment xml:lang="kk">Matroska 3D видеосы</comment>
  <comment xml:lang="ko">Matroska 3D 동영상</comment>
  <comment xml:lang="oc">vidèo Matroska 3D</comment>
  <comment xml:lang="pl">Plik wideo Matroska 3D</comment>
  <comment xml:lang="pt">vídeo 3D Matroska</comment>
  <comment xml:lang="pt_BR">Vídeo 3D Matroska</comment>
  <comment xml:lang="ru">Видео Matroska 3D</comment>
  <comment xml:lang="sk">3D video Matroska</comment>
  <comment xml:lang="sl">Video datoteka Matroska 3D</comment>
  <comment xml:lang="sr">Матрошкин 3Д видео</comment>
  <comment xml:lang="sv">Matroska 3D-video</comment>
  <comment xml:lang="tr">Matroska 3B video</comment>
  <comment xml:lang="uk">відеокліп Matroska 3D</comment>
  <comment xml:lang="zh_CN">Matroska 3D 视频</comment>
  <comment xml:lang="zh_TW">Matroska 3D 視訊</comment>
  <glob pattern="*.mk3d"/>
  <sub-class-of type="application/x-matroska"/>
</mime-type>
