<?xml version="1.0" encoding="utf-8"?>
<mime-type xmlns="http://www.freedesktop.org/standards/shared-mime-info" type="application/atom+xml">
  <!--Created automatically by update-mime-database. DO NOT EDIT!-->
  <comment>Atom syndication feed</comment>
  <comment xml:lang="ar">مروج تغذية Atom</comment>
  <comment xml:lang="be@latin">Syndykacyjny kanał navinaŭ Atom</comment>
  <comment xml:lang="bg">Емисия — Atom</comment>
  <comment xml:lang="ca">canal de sindicació Atom</comment>
  <comment xml:lang="cs">kanál Atom</comment>
  <comment xml:lang="da">Atom syndication-feed</comment>
  <comment xml:lang="de">Atom-Nachrichtenquelle</comment>
  <comment xml:lang="el">Τροφοδοσία διανομής Atom</comment>
  <comment xml:lang="en_GB">Atom syndication feed</comment>
  <comment xml:lang="es">canal de noticias Atom</comment>
  <comment xml:lang="eu">Atom harpidetze-iturria</comment>
  <comment xml:lang="fi">Atom-yhdistevirta</comment>
  <comment xml:lang="fr">fil de syndication Atom</comment>
  <comment xml:lang="ga">fotha sindeacáitithe Atom</comment>
  <comment xml:lang="gl">fonte de sindicación Atom</comment>
  <comment xml:lang="he">הזנה דרך הרשת של Atom</comment>
  <comment xml:lang="hr">Atom kanal objavljivanja</comment>
  <comment xml:lang="hu">Atom egyesítőfolyam</comment>
  <comment xml:lang="ia">Fluxo de syndication Atom</comment>
  <comment xml:lang="id">Umpan sindikasi Atom</comment>
  <comment xml:lang="it">Feed di distribuzione Atom</comment>
  <comment xml:lang="ja">Atom 配信フィード</comment>
  <comment xml:lang="kk">Atom жаңалықтар таспасы</comment>
  <comment xml:lang="ko">Atom 동기화 피드</comment>
  <comment xml:lang="lt">Atom sindikacijos kanalas</comment>
  <comment xml:lang="lv">Atom sindikāta barotne</comment>
  <comment xml:lang="nb">Atom syndikeringsstrøm</comment>
  <comment xml:lang="nl">Atom-syndicatie-feed</comment>
  <comment xml:lang="nn">Atom-kjelde</comment>
  <comment xml:lang="oc">fial de sindicacion Atom</comment>
  <comment xml:lang="pl">Kanał Atom</comment>
  <comment xml:lang="pt">feed Atom</comment>
  <comment xml:lang="pt_BR">Fonte de notícias Atom</comment>
  <comment xml:lang="ro">Flux agregare Atom</comment>
  <comment xml:lang="ru">лента новостей Atom</comment>
  <comment xml:lang="sk">Kanál Atom</comment>
  <comment xml:lang="sl">Sindikalni vir Atom</comment>
  <comment xml:lang="sq">Feed për përhapje Atom</comment>
  <comment xml:lang="sr">Атомов довод синдикализације</comment>
  <comment xml:lang="sv">Atom-syndikeringskanal</comment>
  <comment xml:lang="tr">Atom besleme kaynağı</comment>
  <comment xml:lang="uk">трансляція подач Atom</comment>
  <comment xml:lang="vi">Nguồn tin tức Atom</comment>
  <comment xml:lang="zh_CN">Atom 更新种子</comment>
  <comment xml:lang="zh_TW">Atom 聯合供稿饋流</comment>
  <sub-class-of type="application/xml"/>
  <generic-icon name="text-html"/>
  <glob pattern="*.atom"/>
</mime-type>
