<?xml version="1.0" encoding="utf-8"?>
<mime-type xmlns="http://www.freedesktop.org/standards/shared-mime-info" type="application/vnd.tcpdump.pcap">
  <!--Created automatically by update-mime-database. DO NOT EDIT!-->
  <comment>Network Packet Capture</comment>
  <comment xml:lang="bg">Прихванати пакети по мрежата</comment>
  <comment xml:lang="ca">captura de paquets de xarxa</comment>
  <comment xml:lang="cs">Network Packet Capture</comment>
  <comment xml:lang="da">Netværkspakkeoptegnelse</comment>
  <comment xml:lang="de">Netzwerk-Paketmitschnitt</comment>
  <comment xml:lang="el">Σύλληψη πακέτων δικτύου</comment>
  <comment xml:lang="en_GB">Network Packet Capture</comment>
  <comment xml:lang="es">captura de paquete de red</comment>
  <comment xml:lang="eu">Sareko pakete kaptura</comment>
  <comment xml:lang="fi">Verkkopakettien kaappaus</comment>
  <comment xml:lang="fr">capture de paquet réseau</comment>
  <comment xml:lang="gl">Captura de Network Packet</comment>
  <comment xml:lang="he">לכידה של מנות נתונים ברשת</comment>
  <comment xml:lang="hr">Mrežno hvatanje paketa</comment>
  <comment xml:lang="hu">Hálózati csomagelfogás</comment>
  <comment xml:lang="ia">Captura de pacchettos de rete</comment>
  <comment xml:lang="id">Tangkapan Paket Jaringan</comment>
  <comment xml:lang="it">Cattura pacchetti rete</comment>
  <comment xml:lang="ja">ネットワークパケットキャプチャー</comment>
  <comment xml:lang="ka">ქსელური პაკეტის ანაბეჭდი</comment>
  <comment xml:lang="kk">ұсталған желілік пакеттер</comment>
  <comment xml:lang="ko">네트워크 패킷 캡처</comment>
  <comment xml:lang="lv">Network Packet Capture</comment>
  <comment xml:lang="nl">Network Packet Capture</comment>
  <comment xml:lang="oc">captura de paquet ret</comment>
  <comment xml:lang="pl">Przechwycenie pakietu sieciowego</comment>
  <comment xml:lang="pt">captura Network Packet</comment>
  <comment xml:lang="pt_BR">Pacote de captura de rede</comment>
  <comment xml:lang="ru">захваченные сетевые пакеты</comment>
  <comment xml:lang="sk">Zachytené sieťové pakety</comment>
  <comment xml:lang="sl">Zajem omrežnih paketov</comment>
  <comment xml:lang="sr">Снимање мрежног пакета</comment>
  <comment xml:lang="sv">Fångst av nätverkspaket</comment>
  <comment xml:lang="tr">Ağ Paket Yakalaması</comment>
  <comment xml:lang="uk">перехоплені дані мережевих пакетів</comment>
  <comment xml:lang="zh_CN">网络包抓取</comment>
  <comment xml:lang="zh_TW">網路封包捕捉</comment>
  <glob pattern="*.pcap"/>
  <glob pattern="*.cap"/>
  <glob pattern="*.dmp"/>
  <alias type="application/x-pcap"/>
  <alias type="application/pcap"/>
</mime-type>
