<?xml version="1.0" encoding="utf-8"?>
<mime-type xmlns="http://www.freedesktop.org/standards/shared-mime-info" type="application/vnd.nintendo.snes.rom">
  <!--Created automatically by update-mime-database. DO NOT EDIT!-->
  <comment>Super NES ROM</comment>
  <comment xml:lang="ar">Super NES ROM</comment>
  <comment xml:lang="be@latin">Super Nintendo ROM</comment>
  <comment xml:lang="bg">ROM — Super NES</comment>
  <comment xml:lang="ca">ROM de Super NES</comment>
  <comment xml:lang="cs">ROM pro Super Nintendo</comment>
  <comment xml:lang="da">Super NES-rom</comment>
  <comment xml:lang="de">Super NES ROM</comment>
  <comment xml:lang="el">Super NES ROM</comment>
  <comment xml:lang="en_GB">Super NES ROM</comment>
  <comment xml:lang="es">ROM de Super NES</comment>
  <comment xml:lang="eu">Super Nintendo-ko ROMa</comment>
  <comment xml:lang="fi">Super Nintendo -ROM</comment>
  <comment xml:lang="fo">Super NES ROM</comment>
  <comment xml:lang="fr">ROM Super Nintendo</comment>
  <comment xml:lang="ga">ROM Super NES</comment>
  <comment xml:lang="gl">ROM de Super NES</comment>
  <comment xml:lang="he">ROM של Super NES</comment>
  <comment xml:lang="hr">Super NES ROM</comment>
  <comment xml:lang="hu">Super NES ROM</comment>
  <comment xml:lang="ia">ROM pro Super Nintendo</comment>
  <comment xml:lang="id">Memori baca-saja Super Nintendo</comment>
  <comment xml:lang="it">ROM Super Nintendo</comment>
  <comment xml:lang="ja">スーパーファミコン ROM</comment>
  <comment xml:lang="kk">Super NES ROM</comment>
  <comment xml:lang="ko">수퍼 NES 롬</comment>
  <comment xml:lang="lt">Super NES ROM</comment>
  <comment xml:lang="lv">Super NES ROM</comment>
  <comment xml:lang="nb">Super Nintendo ROM</comment>
  <comment xml:lang="nl">Super Nintendo</comment>
  <comment xml:lang="nn">Super NES-ROM</comment>
  <comment xml:lang="oc">ROM Super Nintendo</comment>
  <comment xml:lang="pl">Plik ROM konsoli SNES</comment>
  <comment xml:lang="pt">ROM Super Nintendo</comment>
  <comment xml:lang="pt_BR">ROM do Super Nintendo</comment>
  <comment xml:lang="ro">ROM Super Nintendo</comment>
  <comment xml:lang="ru">Super NES ROM</comment>
  <comment xml:lang="sk">ROM pre Super Nintendo</comment>
  <comment xml:lang="sl">Bralni pomnilnik Super NES</comment>
  <comment xml:lang="sq">ROM Super NES</comment>
  <comment xml:lang="sr">Супер НЕС РОМ</comment>
  <comment xml:lang="sv">Super NES-rom</comment>
  <comment xml:lang="tr">Super NES ROM</comment>
  <comment xml:lang="uk">ППП Super NES</comment>
  <comment xml:lang="vi">ROM Super Nintendo</comment>
  <comment xml:lang="zh_CN">Super NES ROM</comment>
  <comment xml:lang="zh_TW">超級任天堂 ROM</comment>
  <generic-icon name="application-x-executable"/>
  <alias type="application/x-snes-rom"/>
  <glob pattern="*.sfc"/>
  <glob pattern="*.smc"/>
</mime-type>
