<?xml version="1.0" encoding="utf-8"?>
<mime-type xmlns="http://www.freedesktop.org/standards/shared-mime-info" type="application/vnd.flatpak.repo">
  <!--Created automatically by update-mime-database. DO NOT EDIT!-->
  <comment>Flatpak repository description</comment>
  <comment xml:lang="ca">descripció de dipòsit de Flatpak</comment>
  <comment xml:lang="da">Flatpak-arkivbeskrivelse</comment>
  <comment xml:lang="de">Flatpak-Repositoriumsbeschreibung</comment>
  <comment xml:lang="es">descripción de repositorio de Flatpak</comment>
  <comment xml:lang="fr">description de dépôt Flatpak</comment>
  <comment xml:lang="hu">Flatpak tárolóleírás</comment>
  <comment xml:lang="kk">Flatpak репозиторийі сипаттамасы</comment>
  <comment xml:lang="ko">Flatpak 저장소 디스크립션</comment>
  <comment xml:lang="pl">Opis repozytorium Flatpak</comment>
  <comment xml:lang="pt_BR">Descrição de repositório Flatpak</comment>
  <comment xml:lang="ru">описание репозитория Flatpak</comment>
  <comment xml:lang="sk">Popis repozitára Flatpak</comment>
  <comment xml:lang="uk">опис сховища Flatpak</comment>
  <comment xml:lang="zh_CN">Flatpak 软件库描述</comment>
  <comment xml:lang="zh_TW">Flatpak 軟體庫描述</comment>
  <generic-icon name="package-x-generic"/>
  <sub-class-of type="text/plain"/>
  <glob pattern="*.flatpakrepo"/>
</mime-type>
