<?xml version="1.0" encoding="utf-8"?>
<mime-type xmlns="http://www.freedesktop.org/standards/shared-mime-info" type="application/x-bzdvi">
  <!--Created automatically by update-mime-database. DO NOT EDIT!-->
  <comment>TeX DVI document (bzip-compressed)</comment>
  <comment xml:lang="ar">مستند TeX DVI (مضغوط-bzip)</comment>
  <comment xml:lang="be@latin">Dakument TeX DVI (bzip-skampresavany)</comment>
  <comment xml:lang="bg">Документ — TeX DVI, компресиран с bzip</comment>
  <comment xml:lang="ca">document de TeX DVI (amb compressió bzip)</comment>
  <comment xml:lang="cs">dokument TeX DVI (komprimovaný pomocí bzip)</comment>
  <comment xml:lang="da">TeX DVI-dokument (bzip-komprimeret)</comment>
  <comment xml:lang="de">TeX-DVI-Dokument (bzip-komprimiert)</comment>
  <comment xml:lang="el">Αρχείο TeX DVI (συμπιεσμένο με bzip)</comment>
  <comment xml:lang="en_GB">TeX DVI document (bzip-compressed)</comment>
  <comment xml:lang="es">documento DVI de TeX (comprimido con bzip)</comment>
  <comment xml:lang="eu">TeX DVI dokumentua (bzip-ekin konprimitua)</comment>
  <comment xml:lang="fi">TeX DVI -asiakirja (bzip-pakattu)</comment>
  <comment xml:lang="fo">TeX DVI skjal (bzip-stappað)</comment>
  <comment xml:lang="fr">document DVI TeX (compressé bzip)</comment>
  <comment xml:lang="ga">cáipéis DVI TeX (comhbhrúite le bzip)</comment>
  <comment xml:lang="gl">documento DVI de TeX (comprimido con bzip)</comment>
  <comment xml:lang="he">מסמך מסוג TeX DVI (מכווץ ע״י bzip)</comment>
  <comment xml:lang="hr">TeX DVI dokument (komprimiran bzip-om)</comment>
  <comment xml:lang="hu">TeX DVI dokumentum (bzip-pel tömörítve)</comment>
  <comment xml:lang="ia">Documento TeX DVI (comprimite con bzip)</comment>
  <comment xml:lang="id">Dokumen TeX DVI (terkompresi bzip)</comment>
  <comment xml:lang="it">Documento TeX DVI (compresso con bzip)</comment>
  <comment xml:lang="ja">Tex DVI ドキュメント (bzip 圧縮)</comment>
  <comment xml:lang="kk">TeX DVI құжаты (bzip-пен сығылған)</comment>
  <comment xml:lang="ko">TeX DVI 문서(BZIP 압축)</comment>
  <comment xml:lang="lt">TeX DVI dokumentas (suglaudintas su bzip)</comment>
  <comment xml:lang="lv">TeX DVI dokuments (saspiests ar bzip)</comment>
  <comment xml:lang="nb">TeX DVI-dokument (bzip-komprimert)</comment>
  <comment xml:lang="nl">TeX DVI-document (ingepakt met bzip)</comment>
  <comment xml:lang="nn">TeX DVI-dokument (pakka med bzip)</comment>
  <comment xml:lang="oc">document DVI TeX (compressat bzip)</comment>
  <comment xml:lang="pl">Dokument TeX DVI (kompresja bzip)</comment>
  <comment xml:lang="pt">documento TeX DVI (compressão bzip)</comment>
  <comment xml:lang="pt_BR">Documento DVI TeX (compactado com bzip)</comment>
  <comment xml:lang="ro">Document TeX DVI (comprimat bzip)</comment>
  <comment xml:lang="ru">документ TeX DVI (сжатый bzip)</comment>
  <comment xml:lang="sk">Dokument TeX DVI (komprimovaný pomocou bzip)</comment>
  <comment xml:lang="sl">Dokument TeX DVI (stisnjen z bzip)</comment>
  <comment xml:lang="sq">Dokument Tex DVI (i kompresuar me bzip)</comment>
  <comment xml:lang="sr">ТеКс ДВИ документ (запакована бзипом)</comment>
  <comment xml:lang="sv">TeX DVI-dokument (bzip-komprimerat)</comment>
  <comment xml:lang="tr">TeX DVI belgesi (bzip ile sıkıştırılmış)</comment>
  <comment xml:lang="uk">документ TeX DVI (стиснений bzip)</comment>
  <comment xml:lang="vi">Tài liệu DVI TeX (đã nén bzip)</comment>
  <comment xml:lang="zh_CN">TeX DVI 文档(gzip 压缩)</comment>
  <comment xml:lang="zh_TW">TeX DVI 文件 (bzip 格式壓縮)</comment>
  <sub-class-of type="application/x-bzip"/>
  <generic-icon name="x-office-document"/>
  <glob pattern="*.dvi.bz2"/>
</mime-type>
