<?xml version="1.0" encoding="utf-8"?>
<mime-type xmlns="http://www.freedesktop.org/standards/shared-mime-info" type="application/x-cd-image">
  <!--Created automatically by update-mime-database. DO NOT EDIT!-->
  <comment>raw CD image</comment>
  <comment xml:lang="ar">صورة CD خامة</comment>
  <comment xml:lang="be@latin">suvoraja vyjava CD</comment>
  <comment xml:lang="bg">Изображение — raw CD</comment>
  <comment xml:lang="ca">imatge de CD en cru</comment>
  <comment xml:lang="cs">surový obraz CD</comment>
  <comment xml:lang="da">rå cd-aftryk</comment>
  <comment xml:lang="de">CD-Roh-Abbild</comment>
  <comment xml:lang="el">Εικόνα περιεχομένου ψηφιακού δίσκου</comment>
  <comment xml:lang="en_GB">raw CD image</comment>
  <comment xml:lang="eo">kruda lumdiskbildo</comment>
  <comment xml:lang="es">imagen de CD en bruto</comment>
  <comment xml:lang="eu">CD gordinaren irudia </comment>
  <comment xml:lang="fi">raaka CD-vedos</comment>
  <comment xml:lang="fo">rá CD mynd</comment>
  <comment xml:lang="fr">image CD brute</comment>
  <comment xml:lang="ga">amhíomhá dhlúthdhiosca</comment>
  <comment xml:lang="gl">imaxe de CD en bruto</comment>
  <comment xml:lang="he">תמונת דיסק גולמית</comment>
  <comment xml:lang="hr">Osnovna CD slika</comment>
  <comment xml:lang="hu">nyers CD-lemezkép</comment>
  <comment xml:lang="ia">Imagine CD brute</comment>
  <comment xml:lang="id">citra CD mentah</comment>
  <comment xml:lang="it">Immagine raw CD</comment>
  <comment xml:lang="ja">生 CD イメージ</comment>
  <comment xml:lang="kk">өңделмеген CD бейнесі</comment>
  <comment xml:lang="ko">CD 이미지</comment>
  <comment xml:lang="lt">raw CD atvaizdis</comment>
  <comment xml:lang="lv">CD jēlattēls</comment>
  <comment xml:lang="ms">Imej CD mentah</comment>
  <comment xml:lang="nb">rått CD-bilde</comment>
  <comment xml:lang="nl">ruw CD-beeldbestand</comment>
  <comment xml:lang="nn">rått CD-bilete</comment>
  <comment xml:lang="oc">imatge CD brut</comment>
  <comment xml:lang="pl">Surowy obraz CD</comment>
  <comment xml:lang="pt">imagem em bruto de CD</comment>
  <comment xml:lang="pt_BR">Imagem bruta de CD</comment>
  <comment xml:lang="ro">imagine de CD brută</comment>
  <comment xml:lang="ru">необработанный образ компакт-диска</comment>
  <comment xml:lang="sk">Surový obraz CD</comment>
  <comment xml:lang="sl">surovi CD odtis</comment>
  <comment xml:lang="sq">Imazh raw CD</comment>
  <comment xml:lang="sr">сирова слика ЦД-а</comment>
  <comment xml:lang="sv">rå cd-avbild</comment>
  <comment xml:lang="tr">Ham CD görüntüsü</comment>
  <comment xml:lang="uk">образ raw CD</comment>
  <comment xml:lang="vi">ảnh đĩa CD thô</comment>
  <comment xml:lang="zh_CN">原始 CD 映像</comment>
  <comment xml:lang="zh_TW">原生 CD 映像</comment>
  <sub-class-of type="application/x-raw-disk-image"/>
  <alias type="application/x-iso9660-image"/>
  <glob weight="80" pattern="*.iso"/>
  <glob pattern="*.iso9660"/>
</mime-type>
