<?xml version="1.0" encoding="utf-8"?>
<mime-type xmlns="http://www.freedesktop.org/standards/shared-mime-info" type="application/x-cisco-vpn-settings">
  <!--Created automatically by update-mime-database. DO NOT EDIT!-->
  <comment>Cisco VPN Settings</comment>
  <comment xml:lang="ar">إعدادات Cisco VPN</comment>
  <comment xml:lang="be@latin">Nałady Cisco VPN</comment>
  <comment xml:lang="bg">Настройки — ВЧМ на Cisco</comment>
  <comment xml:lang="ca">ajusts VPN de Cisco</comment>
  <comment xml:lang="cs">nastavení Cisco VPN</comment>
  <comment xml:lang="da">Cisco VPN-opsætning</comment>
  <comment xml:lang="de">Cisco-VPN-Einstellungen</comment>
  <comment xml:lang="el">Ρυθμίσεις Cisco VPN</comment>
  <comment xml:lang="en_GB">Cisco VPN Settings</comment>
  <comment xml:lang="es">configuración de VPN de Cisco</comment>
  <comment xml:lang="eu">Cisco VPN ezarpenak</comment>
  <comment xml:lang="fi">Cisco VPN -asetukset</comment>
  <comment xml:lang="fo">Cisco VPN stillingar</comment>
  <comment xml:lang="fr">paramètres VPN Cisco</comment>
  <comment xml:lang="ga">socruithe VPN Cisco</comment>
  <comment xml:lang="gl">configuracións de VPN de Cisco</comment>
  <comment xml:lang="he">הגדרות של Cisco VPN</comment>
  <comment xml:lang="hr">Cisco VPN postavke</comment>
  <comment xml:lang="hu">Cisco VPN beállítások</comment>
  <comment xml:lang="ia">Configuration VPN Cisco</comment>
  <comment xml:lang="id">Penataan Cisco VPN</comment>
  <comment xml:lang="it">Impostazioni VPN Cisco</comment>
  <comment xml:lang="ja">Cisco VPN 設定</comment>
  <comment xml:lang="ka">Cisco VPN-ის პარამეტრები</comment>
  <comment xml:lang="kk">Cisco VPN баптаулары</comment>
  <comment xml:lang="ko">Cisco VPN 설정</comment>
  <comment xml:lang="lt">Cisco VPN parametrai</comment>
  <comment xml:lang="lv">Cisco VPN iestatījumi</comment>
  <comment xml:lang="nb">Cisco VPN-innstillinger</comment>
  <comment xml:lang="nl">Cisco VPN-instellingen</comment>
  <comment xml:lang="nn">Cisco VPN-innstillingar</comment>
  <comment xml:lang="oc">paramètres VPN Cisco</comment>
  <comment xml:lang="pl">Ustawienia VPN Cisco</comment>
  <comment xml:lang="pt">definições de Cisco VPN</comment>
  <comment xml:lang="pt_BR">Configurações de VPN da Cisco</comment>
  <comment xml:lang="ro">Configurări VPN Cisco</comment>
  <comment xml:lang="ru">файл настроек Cisco VPN</comment>
  <comment xml:lang="sk">Nastavenia Cisco VPN</comment>
  <comment xml:lang="sl">Datoteka nastavitev Cisco VPN</comment>
  <comment xml:lang="sq">Rregullime VPN Cisco</comment>
  <comment xml:lang="sr">подешавања Циско ВПН-а</comment>
  <comment xml:lang="sv">Cisco VPN-inställningar</comment>
  <comment xml:lang="tr">Cisco VPN Ayarları</comment>
  <comment xml:lang="uk">параметри VPN Cisco</comment>
  <comment xml:lang="vi">Thiết lập VPN Cisco</comment>
  <comment xml:lang="zh_CN">Cisco VPN 设置</comment>
  <comment xml:lang="zh_TW">Cisco VPN 設定值</comment>
  <generic-icon name="text-x-generic"/>
  <glob pattern="*.pcf"/>
</mime-type>
