<?xml version="1.0" encoding="utf-8"?>
<mime-type xmlns="http://www.freedesktop.org/standards/shared-mime-info" type="application/x-gamegear-rom">
  <!--Created automatically by update-mime-database. DO NOT EDIT!-->
  <comment>Game Gear ROM</comment>
  <comment xml:lang="ca">ROM de Game Gear</comment>
  <comment xml:lang="da">Game Gear ROM</comment>
  <comment xml:lang="de">Game Gear ROM</comment>
  <comment xml:lang="es">ROM de Game Gear</comment>
  <comment xml:lang="fi">Game Gear -ROM</comment>
  <comment xml:lang="fr">ROM Game Gear</comment>
  <comment xml:lang="hu">Game Gear ROM</comment>
  <comment xml:lang="kk">Game Gear ROM</comment>
  <comment xml:lang="ko">게임 기어 롬</comment>
  <comment xml:lang="pl">Plik ROM konsoli Game Gear</comment>
  <comment xml:lang="pt_BR">ROM de Game Gear</comment>
  <comment xml:lang="ru">Game Gear ROM</comment>
  <comment xml:lang="sk">ROM pre Game Gear</comment>
  <comment xml:lang="uk">ППП Game Gear</comment>
  <comment xml:lang="zh_CN">Game Gear ROM</comment>
  <comment xml:lang="zh_TW">Game Gear ROM</comment>
  <generic-icon name="application-x-executable"/>
  <glob pattern="*.gg"/>
</mime-type>
