<?xml version="1.0" encoding="utf-8"?>
<mime-type xmlns="http://www.freedesktop.org/standards/shared-mime-info" type="application/x-java-archive">
  <!--Created automatically by update-mime-database. DO NOT EDIT!-->
  <comment>Java archive</comment>
  <comment xml:lang="ar">أرشيف Java</comment>
  <comment xml:lang="be@latin">Archiŭ Java</comment>
  <comment xml:lang="bg">Архив — Java</comment>
  <comment xml:lang="ca">arxiu de Java</comment>
  <comment xml:lang="cs">archiv Java</comment>
  <comment xml:lang="da">Javaarkiv</comment>
  <comment xml:lang="de">Java-Archiv</comment>
  <comment xml:lang="el">Συμπιεσμένο αρχείο Java</comment>
  <comment xml:lang="en_GB">Java archive</comment>
  <comment xml:lang="eo">Java-arkivo</comment>
  <comment xml:lang="es">archivador Java</comment>
  <comment xml:lang="eu">Java artxiboa</comment>
  <comment xml:lang="fi">Java-arkisto</comment>
  <comment xml:lang="fo">Java skjalasavn</comment>
  <comment xml:lang="fr">archive Java</comment>
  <comment xml:lang="ga">cartlann Java</comment>
  <comment xml:lang="gl">arquivo Java</comment>
  <comment xml:lang="he">ארכיון Java</comment>
  <comment xml:lang="hr">Java arhiva</comment>
  <comment xml:lang="hu">Java-archívum</comment>
  <comment xml:lang="ia">Archivo Java</comment>
  <comment xml:lang="id">Arsip Java</comment>
  <comment xml:lang="it">Archivio Java</comment>
  <comment xml:lang="ja">Java アーカイブ</comment>
  <comment xml:lang="kk">Java архиві</comment>
  <comment xml:lang="ko">Java 묶음 파일</comment>
  <comment xml:lang="lt">Java archyvas</comment>
  <comment xml:lang="lv">Java arhīvs</comment>
  <comment xml:lang="ms">Arkib Java</comment>
  <comment xml:lang="nb">Java-arkiv</comment>
  <comment xml:lang="nl">Java-archief</comment>
  <comment xml:lang="nn">Java-arkiv</comment>
  <comment xml:lang="oc">archiu Java</comment>
  <comment xml:lang="pl">Archiwum Java</comment>
  <comment xml:lang="pt">arquivo Java</comment>
  <comment xml:lang="pt_BR">Pacote Java</comment>
  <comment xml:lang="ro">Arhivă Java</comment>
  <comment xml:lang="ru">архив Java</comment>
  <comment xml:lang="sk">Archív Java</comment>
  <comment xml:lang="sl">Datoteka arhiva Java</comment>
  <comment xml:lang="sq">Arkiv Java</comment>
  <comment xml:lang="sr">архива Јаве</comment>
  <comment xml:lang="sv">Java-arkiv</comment>
  <comment xml:lang="tr">Java arşivi</comment>
  <comment xml:lang="uk">архів Java</comment>
  <comment xml:lang="vi">Kho nén Java</comment>
  <comment xml:lang="zh_CN">Java 归档文件</comment>
  <comment xml:lang="zh_TW">Java 封存檔</comment>
  <sub-class-of type="application/zip"/>
  <generic-icon name="package-x-generic"/>
  <alias type="application/x-jar"/>
  <alias type="application/java-archive"/>
  <glob pattern="*.jar"/>
</mime-type>
