<?xml version="1.0" encoding="utf-8"?>
<mime-type xmlns="http://www.freedesktop.org/standards/shared-mime-info" type="application/x-lzip-compressed-tar">
  <!--Created automatically by update-mime-database. DO NOT EDIT!-->
  <comment>Tar archive (lzip-compressed)</comment>
  <comment xml:lang="ca">arxiu tar (amb compressió lzip)</comment>
  <comment xml:lang="da">Tar-arkiv (lzip-komprimeret)</comment>
  <comment xml:lang="de">Tar-Archiv (lzip-komprimiert)</comment>
  <comment xml:lang="es">archivador Tar (comprimido con lzip)</comment>
  <comment xml:lang="fi">Tar-arkisto (lzip-pakattu)</comment>
  <comment xml:lang="fr">archive tar (compressée lzip)</comment>
  <comment xml:lang="he">ארכיון Tar (מכווץ ע״י lzip)</comment>
  <comment xml:lang="hu">Tar archívum (lzippel tömörítve)</comment>
  <comment xml:lang="kk">Tar архиві (lzip-пен сығылған)</comment>
  <comment xml:lang="ko">TAR 묶음 파일(LZIP 압축)</comment>
  <comment xml:lang="pl">Archiwum tar (kompresja lzip)</comment>
  <comment xml:lang="pt_BR">Arquivo Tar (compactado com lzip)</comment>
  <comment xml:lang="ru">архив TAR (сжатый lzip)</comment>
  <comment xml:lang="sk">Archív tar (komprimovaný pomocou lzip)</comment>
  <comment xml:lang="uk">архів tar (стиснений lzip)</comment>
  <comment xml:lang="zh_CN">Tar 归档文件 (lzip 压缩)</comment>
  <comment xml:lang="zh_TW">Tar 封存檔 (lzip 格式壓縮)</comment>
  <generic-icon name="package-x-generic"/>
  <sub-class-of type="application/x-lzip"/>
  <glob pattern="*.tar.lz"/>
</mime-type>
