<?xml version="1.0" encoding="utf-8"?>
<mime-type xmlns="http://www.freedesktop.org/standards/shared-mime-info" type="application/x-php">
  <!--Created automatically by update-mime-database. DO NOT EDIT!-->
  <comment>PHP script</comment>
  <comment xml:lang="ar">سكربت PHP</comment>
  <comment xml:lang="az">PHP skripti</comment>
  <comment xml:lang="be@latin">Skrypt PHP</comment>
  <comment xml:lang="bg">Скрипт — PHP</comment>
  <comment xml:lang="ca">script PHP</comment>
  <comment xml:lang="cs">skript PHP</comment>
  <comment xml:lang="cy">Sgript PHP</comment>
  <comment xml:lang="da">PHP-program</comment>
  <comment xml:lang="de">PHP-Skript</comment>
  <comment xml:lang="el">Δέσμη ενεργειών PHP</comment>
  <comment xml:lang="en_GB">PHP script</comment>
  <comment xml:lang="eo">PHP-skripto</comment>
  <comment xml:lang="es">secuencia de órdenes en PHP</comment>
  <comment xml:lang="eu">PHP script-a</comment>
  <comment xml:lang="fi">PHP-komentotiedosto</comment>
  <comment xml:lang="fo">PHP boðrøð</comment>
  <comment xml:lang="fr">script PHP</comment>
  <comment xml:lang="ga">script PHP</comment>
  <comment xml:lang="gl">Script de PHP</comment>
  <comment xml:lang="he">תסריט מעטפת של PHP</comment>
  <comment xml:lang="hr">PHP skripta</comment>
  <comment xml:lang="hu">PHP-parancsfájl</comment>
  <comment xml:lang="ia">Script PHP</comment>
  <comment xml:lang="id">Skrip PHP</comment>
  <comment xml:lang="it">Script PHP</comment>
  <comment xml:lang="ja">PHP スクリプト</comment>
  <comment xml:lang="kk">PHP сценарийі</comment>
  <comment xml:lang="ko">PHP 스크립트</comment>
  <comment xml:lang="lt">PHP scenarijus</comment>
  <comment xml:lang="lv">PHP skripts</comment>
  <comment xml:lang="ms">Skrip PHP</comment>
  <comment xml:lang="nb">PHP-skript</comment>
  <comment xml:lang="nl">PHP-script</comment>
  <comment xml:lang="nn">PHP-skript</comment>
  <comment xml:lang="oc">escript PHP</comment>
  <comment xml:lang="pl">Skrypt PHP</comment>
  <comment xml:lang="pt">script PHP</comment>
  <comment xml:lang="pt_BR">Script PHP</comment>
  <comment xml:lang="ro">Script PHP</comment>
  <comment xml:lang="ru">сценарий PHP</comment>
  <comment xml:lang="sk">Skript PHP</comment>
  <comment xml:lang="sl">Skriptna datoteka PHP</comment>
  <comment xml:lang="sq">Script PHP</comment>
  <comment xml:lang="sr">ПХП скрипта</comment>
  <comment xml:lang="sv">PHP-skript</comment>
  <comment xml:lang="tr">PHP betiği</comment>
  <comment xml:lang="uk">скрипт PHP</comment>
  <comment xml:lang="vi">Văn lệnh PHP</comment>
  <comment xml:lang="zh_CN">PHP 脚本</comment>
  <comment xml:lang="zh_TW">PHP 指令稿</comment>
  <sub-class-of type="text/plain"/>
  <generic-icon name="text-x-script"/>
  <glob pattern="*.php"/>
  <glob pattern="*.php3"/>
  <glob pattern="*.php4"/>
  <glob pattern="*.php5"/>
  <glob pattern="*.phps"/>
</mime-type>
