<?xml version="1.0" encoding="utf-8"?>
<mime-type xmlns="http://www.freedesktop.org/standards/shared-mime-info" type="application/x-riff">
  <!--Created automatically by update-mime-database. DO NOT EDIT!-->
  <comment>RIFF container</comment>
  <comment xml:lang="ca">contenidor RIFF</comment>
  <comment xml:lang="cs">kontejner RIFF</comment>
  <comment xml:lang="da">RIFF-container</comment>
  <comment xml:lang="de">RIFF-Container</comment>
  <comment xml:lang="el">Περιέκτης RIFF</comment>
  <comment xml:lang="en_GB">RIFF container</comment>
  <comment xml:lang="es">contenedor RIFF</comment>
  <comment xml:lang="eu">RIFF edukitzailea</comment>
  <comment xml:lang="fr">conteneur RIFF</comment>
  <comment xml:lang="gl">Contenedor RIFF</comment>
  <comment xml:lang="he">מכולת RIFF</comment>
  <comment xml:lang="hr">RIFF spremnik</comment>
  <comment xml:lang="hu">RIFF konténer</comment>
  <comment xml:lang="ia">Receptaculo RIFF</comment>
  <comment xml:lang="id">Wadah RIFF</comment>
  <comment xml:lang="it">Container RIFF</comment>
  <comment xml:lang="kk">RIFF контейнері</comment>
  <comment xml:lang="ko">RIFF 컨테이너</comment>
  <comment xml:lang="oc">contenidor RIFF</comment>
  <comment xml:lang="pl">Kontener RIFF</comment>
  <comment xml:lang="pt">contentor RIFF</comment>
  <comment xml:lang="pt_BR">Contêiner RIFF</comment>
  <comment xml:lang="ru">Контейнер RIFF</comment>
  <comment xml:lang="sk">Kontajner RIFF</comment>
  <comment xml:lang="sl">Vsebnik RIFF</comment>
  <comment xml:lang="sr">РИФФ садржалац</comment>
  <comment xml:lang="sv">RIFF-behållare</comment>
  <comment xml:lang="tr">RIFF deposu</comment>
  <comment xml:lang="uk">контейнер RIFF</comment>
  <comment xml:lang="zh_CN">RIFF 容器</comment>
  <comment xml:lang="zh_TW">RIFF 容器</comment>
</mime-type>
