<?xml version="1.0" encoding="utf-8"?>
<mime-type xmlns="http://www.freedesktop.org/standards/shared-mime-info" type="application/x-sms-rom">
  <!--Created automatically by update-mime-database. DO NOT EDIT!-->
  <comment>Master System ROM</comment>
  <comment xml:lang="ca">ROM de Master System</comment>
  <comment xml:lang="da">Master System ROM</comment>
  <comment xml:lang="de">Master System ROM</comment>
  <comment xml:lang="es">ROM de Master System</comment>
  <comment xml:lang="fi">Master System -ROM</comment>
  <comment xml:lang="fr">ROM Master System</comment>
  <comment xml:lang="hu">Master System ROM</comment>
  <comment xml:lang="kk">Master System ROM</comment>
  <comment xml:lang="ko">마스터 시스템 롬</comment>
  <comment xml:lang="pl">Plik ROM konsoli SMS</comment>
  <comment xml:lang="pt_BR">ROM de Master System</comment>
  <comment xml:lang="ru">Master System ROM</comment>
  <comment xml:lang="sk">ROM pre Master System</comment>
  <comment xml:lang="uk">ППП Master System</comment>
  <comment xml:lang="zh_CN">Master System ROM</comment>
  <comment xml:lang="zh_TW">Master System ROM</comment>
  <generic-icon name="application-x-executable"/>
  <glob pattern="*.sms"/>
</mime-type>
