<?xml version="1.0" encoding="utf-8"?>
<mime-type xmlns="http://www.freedesktop.org/standards/shared-mime-info" type="application/x-zoo">
  <!--Created automatically by update-mime-database. DO NOT EDIT!-->
  <comment>Zoo archive</comment>
  <comment xml:lang="ar">أرشيف Zoo</comment>
  <comment xml:lang="az">Zoo arxivi</comment>
  <comment xml:lang="be@latin">Archiŭ zoo</comment>
  <comment xml:lang="bg">Архив — zoo</comment>
  <comment xml:lang="ca">arxiu zoo</comment>
  <comment xml:lang="cs">archiv Zoo</comment>
  <comment xml:lang="cy">Archif zoo</comment>
  <comment xml:lang="da">Zooarkiv</comment>
  <comment xml:lang="de">Zoo-Archiv</comment>
  <comment xml:lang="el">Συμπιεσμένο αρχείο Zoo</comment>
  <comment xml:lang="en_GB">Zoo archive</comment>
  <comment xml:lang="eo">Zoo-arkivo</comment>
  <comment xml:lang="es">archivador Zoo</comment>
  <comment xml:lang="eu">Zoo artxiboa</comment>
  <comment xml:lang="fi">Zoo-arkisto</comment>
  <comment xml:lang="fo">Zoo skjalasavn</comment>
  <comment xml:lang="fr">archive zoo</comment>
  <comment xml:lang="ga">cartlann Zoo</comment>
  <comment xml:lang="gl">ficheiro Zoo</comment>
  <comment xml:lang="he">ארכיון Zoo</comment>
  <comment xml:lang="hr">Zoo arhiva</comment>
  <comment xml:lang="hu">Zoo archívum</comment>
  <comment xml:lang="ia">Archivo Zoo</comment>
  <comment xml:lang="id">Arsip Zoo</comment>
  <comment xml:lang="it">Archivio zoo</comment>
  <comment xml:lang="ja">Zoo アーカイブ</comment>
  <comment xml:lang="kk">Zoo архиві</comment>
  <comment xml:lang="ko">ZOO 압축 파일</comment>
  <comment xml:lang="lt">Zoo archyvas</comment>
  <comment xml:lang="lv">Zoo arhīvs</comment>
  <comment xml:lang="nb">Zoo-arkiv</comment>
  <comment xml:lang="nl">Zoo-archief</comment>
  <comment xml:lang="nn">Zoo-arkiv</comment>
  <comment xml:lang="oc">archiu zoo</comment>
  <comment xml:lang="pl">Archiwum zoo</comment>
  <comment xml:lang="pt">arquivo Zoo</comment>
  <comment xml:lang="pt_BR">Pacote Zoo</comment>
  <comment xml:lang="ro">Arhivă Zoo</comment>
  <comment xml:lang="ru">архив ZOO</comment>
  <comment xml:lang="sk">Archív zoo</comment>
  <comment xml:lang="sl">Datoteka arhiva ZOO</comment>
  <comment xml:lang="sq">Arkiv zoo</comment>
  <comment xml:lang="sr">Зoo архива</comment>
  <comment xml:lang="sv">Zoo-arkiv</comment>
  <comment xml:lang="tr">Zoo arşivi</comment>
  <comment xml:lang="uk">архів zoo</comment>
  <comment xml:lang="vi">Kho nén zoo</comment>
  <comment xml:lang="zh_CN">Zoo 归档文件</comment>
  <comment xml:lang="zh_TW">Zoo 封存檔</comment>
  <generic-icon name="package-x-generic"/>
  <glob pattern="*.zoo"/>
</mime-type>
